installation_id,from_dt,till_dt,pm1,pm25,pm10,temperature,humidity,pressure,caqi
19,2026-10-09 22:00:00+00:00,2026-10-09 23:00:00+00:00,,7.8,12.5,,,,13.0
60,2026-10-09 22:00:00+00:00,2026-10-09 23:00:00+00:00,,,17.6,,,,17.6
246,2026-10-09 22:00:00+00:00,2026-10-09 23:00:00+00:00,5.37,6.95,8.53,,,1012.93,11.6
335,2026-10-09 22:00:00+00:00,2026-10-09 23:00:00+00:00,0.38,0.64,0.84,8.33,49.74,1011.83,1.08
811,2026-10-09 22:00:00+00:00,2026-10-09 23:00:00+00:00,11.84,16.61,21.58,9.89,73.75,1011.24,27.69
2467,2026-10-09 22:00:00+00:00,2026-10-09 23:00:00+00:00,1.31,1.73,2.05,9.85,47.55,1013.19,2.88
5709,2026-10-09 22:00:00+00:00,2026-10-09 23:00:00+00:00,9.23,12.89,15.75,8.0,72.79,1011.34,21.49
6068,2026-10-09 22:00:00+00:00,2026-10-09 23:00:00+00:00,5.59,7.8,9.14,9.8,69.85,1011.8,13.0
7385,2026-10-09 22:00:00+00:00,2026-10-09 23:00:00+00:00,0.04,0.11,0.2,,,1010.47,0.2
7427,2026-10-09 22:00:00+00:00,2026-10-09 23:00:00+00:00,5.57,8.16,9.99,8.88,66.48,1013.65,13.61
7456,2026-10-09 22:00:00+00:00,2026-10-09 23:00:00+00:00,5.34,8.03,9.51,9.96,72.25,1009.25,13.38
7584,2026-10-09 22:00:00+00:00,2026-10-09 23:00:00+00:00,0.15,0.22,0.3,9.42,72.25,1010.24,0.38
7592,2026-10-09 22:00:00+00:00,2026-10-09 23:00:00+00:00,0.05,0.17,0.19,8.73,49.77,1011.43,0.29
7634,2026-10-09 22:00:00+00:00,2026-10-09 23:00:00+00:00,1.58,2.68,3.23,12.64,74.5,1013.97,4.47
7683,2026-10-09 22:00:00+00:00,2026-10-09 23:00:00+00:00,8.86,15.73,20.76,7.99,72.77,1012.16,26.21
7758,2026-10-09 22:00:00+00:00,2026-10-09 23:00:00+00:00,,,8.3,,,,8.3
7768,2026-10-09 22:00:00+00:00,2026-10-09 23:00:00+00:00,1.1,1.92,2.28,,,1011.41,3.21
7844,2026-10-09 22:00:00+00:00,2026-10-09 23:00:00+00:00,0.05,0.3,0.37,8.77,49.0,1011.16,0.5
8152,2026-10-09 22:00:00+00:00,2026-10-09 23:00:00+00:00,0.0,0.0,0.0,8.67,49.77,1013.86,0.0
8165,2026-10-09 22:00:00+00:00,2026-10-09 23:00:00+00:00,5.34,7.11,8.34,9.12,74.5,1011.86,11.86
11958,2026-10-09 22:00:00+00:00,2026-10-09 23:00:00+00:00,5.65,7.81,9.29,8.16,71.04,1011.67,13.03
13167,2026-10-09 22:00:00+00:00,2026-10-09 23:00:00+00:00,0.95,1.6,2.43,,,1011.2,2.67
18769,2026-10-09 22:00:00+00:00,2026-10-09 23:00:00+00:00,8.93,15.44,22.66,8.9,68.7,1011.9,25.75
31130,2026-10-09 22:00:00+00:00,2026-10-09 23:00:00+00:00,6.05,9.32,10.85,8.54,72.58,1011.73,15.54
32871,2026-10-09 22:00:00+00:00,2026-10-09 23:00:00+00:00,4.96,7.56,9.19,8.76,73.62,1010.81,12.6
32907,2026-10-09 22:00:00+00:00,2026-10-09 23:00:00+00:00,3.94,6.65,8.74,9.09,72.23,1012.05,11.09
33052,2026-10-09 22:00:00+00:00,2026-10-09 23:00:00+00:00,10.27,14.72,16.95,9.0,73.75,1010.84,24.55
36475,2026-10-09 22:00:00+00:00,2026-10-09 23:00:00+00:00,3.21,5.47,7.37,9.05,74.5,1011.8,9.12
36477,2026-10-09 22:00:00+00:00,2026-10-09 23:00:00+00:00,4.44,7.12,9.58,8.72,73.51,1011.24,11.88
36605,2026-10-09 22:00:00+00:00,2026-10-09 23:00:00+00:00,5.13,7.71,9.4,8.49,74.5,1011.64,12.86
38444,2026-10-09 22:00:00+00:00,2026-10-09 23:00:00+00:00,4.98,8.36,10.47,9.1,72.19,1012.45,13.94
39433,2026-10-09 22:00:00+00:00,2026-10-09 23:00:00+00:00,0.86,1.5,1.85,9.86,72.25,1011.66,2.51
80731,2026-10-09 22:00:00+00:00,2026-10-09 23:00:00+00:00,5.26,6.85,8.74,8.59,49.76,1012.88,11.42
82333,2026-10-09 22:00:00+00:00,2026-10-09 23:00:00+00:00,3.47,5.51,6.59,8.31,68.56,1013.2,9.18
86899,2026-10-09 22:00:00+00:00,2026-10-09 23:00:00+00:00,7.82,10.28,12.66,10.78,62.22,1013.1,17.14
86902,2026-10-09 22:00:00+00:00,2026-10-09 23:00:00+00:00,3.19,4.81,5.79,8.32,75.19,1011.13,8.02
86904,2026-10-09 22:00:00+00:00,2026-10-09 23:00:00+00:00,4.9,7.2,9.06,8.68,49.77,1012.57,12.01
86905,2026-10-09 22:00:00+00:00,2026-10-09 23:00:00+00:00,6.31,9.0,10.72,8.76,49.77,1010.27,15.01
86909,2026-10-09 22:00:00+00:00,2026-10-09 23:00:00+00:00,4.16,5.87,7.0,9.84,66.41,1014.04,9.79
86910,2026-10-09 22:00:00+00:00,2026-10-09 23:00:00+00:00,0.86,1.24,1.56,9.84,72.25,1012.68,2.08
86914,2026-10-09 22:00:00+00:00,2026-10-09 23:00:00+00:00,0.96,1.64,2.03,9.64,63.24,1012.08,2.75
86915,2026-10-09 22:00:00+00:00,2026-10-09 23:00:00+00:00,3.22,4.44,5.3,9.03,49.79,1011.03,7.4
86932,2026-10-09 22:00:00+00:00,2026-10-09 23:00:00+00:00,8.18,11.25,13.69,8.99,74.5,1011.58,18.75
86941,2026-10-09 22:00:00+00:00,2026-10-09 23:00:00+00:00,2.6,3.75,4.49,9.13,49.8,1010.62,6.25
86961,2026-10-09 22:00:00+00:00,2026-10-09 23:00:00+00:00,4.28,5.83,7.14,8.97,70.56,1013.56,9.72
86963,2026-10-09 22:00:00+00:00,2026-10-09 23:00:00+00:00,8.75,11.71,14.45,9.2,70.72,1012.01,19.53
86980,2026-10-09 22:00:00+00:00,2026-10-09 23:00:00+00:00,5.25,7.31,9.3,9.52,72.25,1011.9,12.18
86998,2026-10-09 22:00:00+00:00,2026-10-09 23:00:00+00:00,5.41,8.64,10.14,8.5,65.59,1012.23,14.41
90148,2026-10-09 22:00:00+00:00,2026-10-09 23:00:00+00:00,6.56,10.18,11.81,8.58,74.5,1012.11,16.97
90388,2026-10-09 22:00:00+00:00,2026-10-09 23:00:00+00:00,0.3,1.09,1.95,9.86,62.53,1012.08,1.96
101090,2026-10-09 22:00:00+00:00,2026-10-09 23:00:00+00:00,6.28,10.33,13.08,10.21,73.65,1012.95,17.23
101102,2026-10-09 22:00:00+00:00,2026-10-09 23:00:00+00:00,7.7,13.38,17.34,10.55,74.5,1011.39,22.31
103261,2026-10-09 22:00:00+00:00,2026-10-09 23:00:00+00:00,1.49,2.55,3.01,10.89,64.34,1012.06,4.26
103326,2026-10-09 22:00:00+00:00,2026-10-09 23:00:00+00:00,0.37,0.44,0.54,8.96,71.79,1012.82,0.73
103904,2026-10-09 22:00:00+00:00,2026-10-09 23:00:00+00:00,4.79,7.18,8.98,10.87,68.78,1013.2,11.98
115128,2026-10-09 22:00:00+00:00,2026-10-09 23:00:00+00:00,,,9.3,,,,9.3
116563,2026-10-09 22:00:00+00:00,2026-10-09 23:00:00+00:00,,,10.6,,,,10.6
118567,2026-10-09 22:00:00+00:00,2026-10-09 23:00:00+00:00,4.46,6.17,7.55,9.53,72.25,1010.64,10.29
119037,2026-10-09 22:00:00+00:00,2026-10-09 23:00:00+00:00,0.38,1.07,1.69,9.01,71.88,1011.13,1.79
119284,2026-10-09 22:00:00+00:00,2026-10-09 23:00:00+00:00,,,,,,,
120855,2026-10-09 22:00:00+00:00,2026-10-09 23:00:00+00:00,6.34,10.04,12.49,8.66,63.38,1012.41,16.74
121237,2026-10-09 22:00:00+00:00,2026-10-09 23:00:00+00:00,3.97,5.8,7.21,11.06,65.83,1006.68,9.67
121862,2026-10-09 22:00:00+00:00,2026-10-09 23:00:00+00:00,1.59,2.18,2.62,9.71,69.8,1011.76,3.64
122015,2026-10-09 22:00:00+00:00,2026-10-09 23:00:00+00:00,0.0,0.28,0.32,10.5,64.94,1006.13,0.47
122162,2026-10-09 22:00:00+00:00,2026-10-09 23:00:00+00:00,6.79,10.16,12.28,7.68,66.15,1014.49,16.93
122320,2026-10-09 22:00:00+00:00,2026-10-09 23:00:00+00:00,6.06,9.26,11.19,8.82,47.49,1012.03,15.45
19,2026-10-09 23:00:00+00:00,2026-10-10 00:00:00+00:00,,13.6,18.2,,,,22.67
60,2026-10-09 23:00:00+00:00,2026-10-10 00:00:00+00:00,,,20.2,,,,20.2
246,2026-10-09 23:00:00+00:00,2026-10-10 00:00:00+00:00,5.28,6.8,8.15,,,1012.38,11.34
335,2026-10-09 23:00:00+00:00,2026-10-10 00:00:00+00:00,0.6,1.07,1.36,8.35,48.24,1011.31,1.79
811,2026-10-09 23:00:00+00:00,2026-10-10 00:00:00+00:00,13.64,19.43,25.35,10.09,73.0,1010.74,32.39
2467,2026-10-09 23:00:00+00:00,2026-10-10 00:00:00+00:00,1.47,1.89,2.18,10.23,46.05,1012.68,3.16
5709,2026-10-09 23:00:00+00:00,2026-10-10 00:00:00+00:00,10.04,13.77,16.55,7.96,70.78,1010.83,22.96
6068,2026-10-09 23:00:00+00:00,2026-10-10 00:00:00+00:00,5.21,7.3,8.55,9.92,68.9,1011.25,12.17
7385,2026-10-09 23:00:00+00:00,2026-10-10 00:00:00+00:00,0.02,0.11,0.21,,,1009.94,0.22
7427,2026-10-09 23:00:00+00:00,2026-10-10 00:00:00+00:00,3.26,4.59,5.74,8.99,65.63,1013.09,7.65
7456,2026-10-09 23:00:00+00:00,2026-10-10 00:00:00+00:00,6.12,9.05,10.75,10.2,71.5,1008.71,15.09
7584,2026-10-09 23:00:00+00:00,2026-10-10 00:00:00+00:00,0.08,0.18,0.24,9.69,72.25,1009.71,0.3
7592,2026-10-09 23:00:00+00:00,2026-10-10 00:00:00+00:00,0.07,0.17,0.19,8.84,49.02,1010.88,0.3
7634,2026-10-09 23:00:00+00:00,2026-10-10 00:00:00+00:00,1.48,2.44,3.05,12.75,73.75,1013.41,4.08
7683,2026-10-09 23:00:00+00:00,2026-10-10 00:00:00+00:00,8.35,13.71,17.07,8.28,72.36,1011.32,22.86
7758,2026-10-09 23:00:00+00:00,2026-10-10 00:00:00+00:00,,,8.8,,,,8.8
7768,2026-10-09 23:00:00+00:00,2026-10-10 00:00:00+00:00,0.88,1.56,1.79,,,1010.86,2.6
7844,2026-10-09 23:00:00+00:00,2026-10-10 00:00:00+00:00,0.09,0.12,0.16,9.14,72.98,1010.53,0.21
8152,2026-10-09 23:00:00+00:00,2026-10-10 00:00:00+00:00,0.0,0.0,0.0,8.75,49.01,1013.31,0.0
8165,2026-10-09 23:00:00+00:00,2026-10-10 00:00:00+00:00,5.14,6.84,8.06,9.3,73.75,1011.27,11.4
11958,2026-10-09 23:00:00+00:00,2026-10-10 00:00:00+00:00,5.49,7.45,8.72,8.37,70.56,1011.12,12.42
13167,2026-10-09 23:00:00+00:00,2026-10-10 00:00:00+00:00,1.47,2.02,3.03,,,1010.7,3.37
18769,2026-10-09 23:00:00+00:00,2026-10-10 00:00:00+00:00,8.53,14.82,21.38,9.07,53.77,1011.37,24.71
31130,2026-10-09 23:00:00+00:00,2026-10-10 00:00:00+00:00,7.92,13.42,16.39,8.8,71.49,1011.24,22.37
32871,2026-10-09 23:00:00+00:00,2026-10-10 00:00:00+00:00,6.19,9.14,11.22,8.86,64.05,1010.33,15.23
32907,2026-10-09 23:00:00+00:00,2026-10-10 00:00:00+00:00,3.31,5.36,7.01,9.47,71.47,1011.49,8.94
33052,2026-10-09 23:00:00+00:00,2026-10-10 00:00:00+00:00,9.41,13.12,15.07,9.08,72.86,1010.34,21.86
36475,2026-10-09 23:00:00+00:00,2026-10-10 00:00:00+00:00,4.46,7.51,9.94,9.1,73.75,1011.26,12.52
36477,2026-10-09 23:00:00+00:00,2026-10-10 00:00:00+00:00,4.21,6.75,9.16,8.93,72.15,1010.74,11.25
36605,2026-10-09 23:00:00+00:00,2026-10-10 00:00:00+00:00,6.28,9.56,11.44,8.53,73.66,1011.12,15.94
38444,2026-10-09 23:00:00+00:00,2026-10-10 00:00:00+00:00,4.37,7.18,9.48,9.36,71.25,1011.88,11.98
39433,2026-10-09 23:00:00+00:00,2026-10-10 00:00:00+00:00,0.61,0.95,1.15,10.27,70.75,1011.11,1.59
80731,2026-10-09 23:00:00+00:00,2026-10-10 00:00:00+00:00,5.65,7.34,9.42,8.72,49.01,1012.31,12.24
82333,2026-10-09 23:00:00+00:00,2026-10-10 00:00:00+00:00,2.79,4.51,5.53,8.65,67.82,1012.66,7.52
86899,2026-10-09 23:00:00+00:00,2026-10-10 00:00:00+00:00,5.39,7.18,8.87,10.84,60.65,1012.54,11.97
86902,2026-10-09 23:00:00+00:00,2026-10-10 00:00:00+00:00,3.6,5.55,6.88,9.19,69.44,1010.62,9.25
86904,2026-10-09 23:00:00+00:00,2026-10-10 00:00:00+00:00,6.41,8.88,11.12,8.85,49.02,1011.98,14.8
86905,2026-10-09 23:00:00+00:00,2026-10-10 00:00:00+00:00,7.0,9.89,11.89,8.84,49.02,1009.72,16.49
86909,2026-10-09 23:00:00+00:00,2026-10-10 00:00:00+00:00,4.68,6.5,7.78,10.02,65.11,1013.47,10.85
86910,2026-10-09 23:00:00+00:00,2026-10-10 00:00:00+00:00,0.72,1.04,1.25,10.12,72.25,1012.12,1.75
86914,2026-10-09 23:00:00+00:00,2026-10-10 00:00:00+00:00,0.84,1.37,1.68,10.1,61.83,1011.53,2.28
86915,2026-10-09 23:00:00+00:00,2026-10-10 00:00:00+00:00,2.47,3.53,4.22,9.28,49.04,1010.48,5.88
86932,2026-10-09 23:00:00+00:00,2026-10-10 00:00:00+00:00,8.97,12.67,15.52,9.05,73.75,1011.04,21.13
86941,2026-10-09 23:00:00+00:00,2026-10-10 00:00:00+00:00,2.28,3.25,3.94,9.39,49.05,1010.04,5.42
86961,2026-10-09 23:00:00+00:00,2026-10-10 00:00:00+00:00,3.56,4.72,5.71,9.55,69.68,1013.05,7.87
86963,2026-10-09 23:00:00+00:00,2026-10-10 00:00:00+00:00,11.04,14.43,17.74,9.41,69.54,1011.48,24.05
86980,2026-10-09 23:00:00+00:00,2026-10-10 00:00:00+00:00,3.59,4.94,6.3,9.89,70.75,1011.27,8.24
86998,2026-10-09 23:00:00+00:00,2026-10-10 00:00:00+00:00,4.48,7.1,8.47,8.78,64.81,1011.71,11.84
90148,2026-10-09 23:00:00+00:00,2026-10-10 00:00:00+00:00,6.88,10.86,12.57,8.77,73.75,1011.58,18.11
90388,2026-10-09 23:00:00+00:00,2026-10-10 00:00:00+00:00,0.06,0.52,0.97,10.16,62.69,1011.5,0.98
101090,2026-10-09 23:00:00+00:00,2026-10-10 00:00:00+00:00,6.53,11.03,13.79,10.41,72.32,1012.48,18.39
101102,2026-10-09 23:00:00+00:00,2026-10-10 00:00:00+00:00,9.37,16.41,22.31,10.42,73.75,1010.84,27.35
103261,2026-10-09 23:00:00+00:00,2026-10-10 00:00:00+00:00,0.92,1.56,1.9,11.46,64.78,1011.47,2.61
103326,2026-10-09 23:00:00+00:00,2026-10-10 00:00:00+00:00,0.38,0.52,0.6,9.38,72.25,1012.26,0.87
103904,2026-10-09 23:00:00+00:00,2026-10-10 00:00:00+00:00,3.62,5.34,6.69,11.07,67.89,1012.58,8.9
115128,2026-10-09 23:00:00+00:00,2026-10-10 00:00:00+00:00,,,12.4,,,,12.4
116563,2026-10-09 23:00:00+00:00,2026-10-10 00:00:00+00:00,,,11.0,,,,11.0
118567,2026-10-09 23:00:00+00:00,2026-10-10 00:00:00+00:00,3.9,5.42,6.59,9.83,71.5,1010.1,9.04
119037,2026-10-09 23:00:00+00:00,2026-10-10 00:00:00+00:00,0.46,1.09,1.55,9.31,72.15,1010.57,1.82
119284,2026-10-09 23:00:00+00:00,2026-10-10 00:00:00+00:00,,,,,,,
120855,2026-10-09 23:00:00+00:00,2026-10-10 00:00:00+00:00,6.14,9.87,12.72,8.72,62.43,1011.87,16.46
121237,2026-10-09 23:00:00+00:00,2026-10-10 00:00:00+00:00,1.6,2.24,2.75,11.61,63.94,1006.05,3.74
121862,2026-10-09 23:00:00+00:00,2026-10-10 00:00:00+00:00,1.54,2.06,2.44,9.99,70.88,1011.26,3.44
122015,2026-10-09 23:00:00+00:00,2026-10-10 00:00:00+00:00,0.0,0.27,0.31,10.62,63.92,1005.65,0.46
122162,2026-10-09 23:00:00+00:00,2026-10-10 00:00:00+00:00,6.09,9.18,11.46,7.7,65.18,1013.93,15.31
122320,2026-10-09 23:00:00+00:00,2026-10-10 00:00:00+00:00,6.16,9.29,11.35,9.0,46.73,1011.47,15.48
19,2026-10-10 00:00:00+00:00,2026-10-10 01:00:00+00:00,,5.5,9.7,,,,9.7
60,2026-10-10 00:00:00+00:00,2026-10-10 01:00:00+00:00,,,17.6,,,,17.6
246,2026-10-10 00:00:00+00:00,2026-10-10 01:00:00+00:00,5.09,6.57,7.93,,,1012.03,10.95
335,2026-10-10 00:00:00+00:00,2026-10-10 01:00:00+00:00,0.51,0.89,1.13,8.87,48.98,1010.96,1.48
811,2026-10-10 00:00:00+00:00,2026-10-10 01:00:00+00:00,11.59,16.57,21.65,10.01,75.25,1010.38,27.62
2467,2026-10-10 00:00:00+00:00,2026-10-10 01:00:00+00:00,1.75,2.28,2.69,10.62,47.54,1012.31,3.81
5709,2026-10-10 00:00:00+00:00,2026-10-10 01:00:00+00:00,10.41,14.39,17.34,9.36,69.98,1010.3,23.99
6068,2026-10-10 00:00:00+00:00,2026-10-10 01:00:00+00:00,4.72,6.39,7.41,10.4,70.03,1010.91,10.66
7385,2026-10-10 00:00:00+00:00,2026-10-10 01:00:00+00:00,0.04,0.15,0.27,,,1009.59,0.27
7427,2026-10-10 00:00:00+00:00,2026-10-10 01:00:00+00:00,2.53,3.48,4.3,9.5,67.18,1012.7,5.81
7456,2026-10-10 00:00:00+00:00,2026-10-10 01:00:00+00:00,3.52,5.79,6.84,10.74,72.25,1008.32,9.66
7584,2026-10-10 00:00:00+00:00,2026-10-10 01:00:00+00:00,0.14,0.23,0.38,10.17,73.0,1009.36,0.39
7592,2026-10-10 00:00:00+00:00,2026-10-10 01:00:00+00:00,0.03,0.11,0.12,10.1,48.26,1010.48,0.18
7634,2026-10-10 00:00:00+00:00,2026-10-10 01:00:00+00:00,1.45,2.32,2.82,13.8,73.0,1013.02,3.86
7683,2026-10-10 00:00:00+00:00,2026-10-10 01:00:00+00:00,6.61,10.8,13.23,9.39,70.09,1011.19,18.01
7758,2026-10-10 00:00:00+00:00,2026-10-10 01:00:00+00:00,,,8.4,,,,8.4
7768,2026-10-10 00:00:00+00:00,2026-10-10 01:00:00+00:00,1.09,1.73,1.97,,,1010.46,2.89
7844,2026-10-10 00:00:00+00:00,2026-10-10 01:00:00+00:00,0.0,0.03,0.03,9.0,75.25,1010.32,0.05
8152,2026-10-10 00:00:00+00:00,2026-10-10 01:00:00+00:00,0.0,0.0,0.0,9.94,48.25,1012.89,0.0
8165,2026-10-10 00:00:00+00:00,2026-10-10 01:00:00+00:00,4.91,6.52,7.8,10.48,73.0,1010.88,10.88
11958,2026-10-10 00:00:00+00:00,2026-10-10 01:00:00+00:00,3.92,5.27,6.28,8.83,71.89,1010.76,8.79
13167,2026-10-10 00:00:00+00:00,2026-10-10 01:00:00+00:00,1.77,2.42,3.39,,,1010.33,4.04
18769,2026-10-10 00:00:00+00:00,2026-10-10 01:00:00+00:00,7.6,12.58,15.96,8.77,73.54,1010.99,20.98
31130,2026-10-10 00:00:00+00:00,2026-10-10 01:00:00+00:00,3.02,4.55,5.36,8.82,74.99,1010.8,7.58
32871,2026-10-10 00:00:00+00:00,2026-10-10 01:00:00+00:00,4.61,6.9,8.59,8.68,50.49,1009.92,11.51
32907,2026-10-10 00:00:00+00:00,2026-10-10 01:00:00+00:00,3.63,5.9,7.57,10.03,72.25,1011.13,9.84
33052,2026-10-10 00:00:00+00:00,2026-10-10 01:00:00+00:00,7.35,10.34,11.94,8.84,75.08,1009.92,17.23
36475,2026-10-10 00:00:00+00:00,2026-10-10 01:00:00+00:00,4.25,7.02,9.26,10.21,73.0,1010.89,11.71
36477,2026-10-10 00:00:00+00:00,2026-10-10 01:00:00+00:00,3.62,5.54,7.62,8.82,75.05,1010.27,9.23
36605,2026-10-10 00:00:00+00:00,2026-10-10 01:00:00+00:00,5.71,8.9,10.62,9.65,71.4,1010.74,14.84
38444,2026-10-10 00:00:00+00:00,2026-10-10 01:00:00+00:00,5.23,8.44,10.79,9.86,71.7,1011.56,14.08
39433,2026-10-10 00:00:00+00:00,2026-10-10 01:00:00+00:00,0.99,1.43,1.7,10.7,72.25,1010.75,2.39
80731,2026-10-10 00:00:00+00:00,2026-10-10 01:00:00+00:00,6.09,8.0,10.22,9.81,48.24,1011.95,13.34
82333,2026-10-10 00:00:00+00:00,2026-10-10 01:00:00+00:00,3.47,5.38,6.59,9.21,68.52,1012.3,8.98
86899,2026-10-10 00:00:00+00:00,2026-10-10 01:00:00+00:00,4.28,5.56,6.81,12.06,59.22,1012.14,9.27
86902,2026-10-10 00:00:00+00:00,2026-10-10 01:00:00+00:00,3.49,5.26,6.35,9.72,69.8,1010.27,8.78
86904,2026-10-10 00:00:00+00:00,2026-10-10 01:00:00+00:00,5.88,8.31,10.61,10.06,48.26,1011.56,13.85
86905,2026-10-10 00:00:00+00:00,2026-10-10 01:00:00+00:00,8.21,11.82,14.42,10.08,48.26,1009.35,19.71
86909,2026-10-10 00:00:00+00:00,2026-10-10 01:00:00+00:00,4.07,5.63,6.62,10.52,65.59,1013.12,9.39
86910,2026-10-10 00:00:00+00:00,2026-10-10 01:00:00+00:00,1.04,1.39,1.68,10.62,73.0,1011.77,2.32
86914,2026-10-10 00:00:00+00:00,2026-10-10 01:00:00+00:00,1.26,1.89,2.24,10.58,64.39,1011.13,3.15
86915,2026-10-10 00:00:00+00:00,2026-10-10 01:00:00+00:00,1.81,2.58,3.06,10.59,48.28,1010.05,4.3
86932,2026-10-10 00:00:00+00:00,2026-10-10 01:00:00+00:00,8.87,12.27,14.86,10.12,73.0,1010.65,20.46
86941,2026-10-10 00:00:00+00:00,2026-10-10 01:00:00+00:00,1.78,2.48,2.98,10.62,48.29,1009.56,4.13
86961,2026-10-10 00:00:00+00:00,2026-10-10 01:00:00+00:00,3.4,4.49,5.33,10.28,70.61,1012.64,7.49
86963,2026-10-10 00:00:00+00:00,2026-10-10 01:00:00+00:00,6.57,9.15,11.43,9.95,70.18,1011.12,15.26
86980,2026-10-10 00:00:00+00:00,2026-10-10 01:00:00+00:00,1.95,2.67,3.35,10.42,72.25,1010.88,4.46
86998,2026-10-10 00:00:00+00:00,2026-10-10 01:00:00+00:00,4.24,6.52,7.6,9.41,64.97,1011.34,10.88
90148,2026-10-10 00:00:00+00:00,2026-10-10 01:00:00+00:00,5.59,8.56,9.87,10.02,72.99,1011.16,14.26
90388,2026-10-10 00:00:00+00:00,2026-10-10 01:00:00+00:00,0.12,0.55,0.91,10.74,64.02,1011.1,0.93
101090,2026-10-10 00:00:00+00:00,2026-10-10 01:00:00+00:00,6.71,11.36,14.2,10.32,75.12,1012.07,18.94
101102,2026-10-10 00:00:00+00:00,2026-10-10 01:00:00+00:00,7.72,13.55,17.87,11.64,72.99,1010.38,22.59
103261,2026-10-10 00:00:00+00:00,2026-10-10 01:00:00+00:00,1.37,2.19,2.58,12.11,66.12,1011.1,3.66
103326,2026-10-10 00:00:00+00:00,2026-10-10 01:00:00+00:00,0.57,0.67,0.75,9.93,72.9,1011.92,1.12
103904,2026-10-10 00:00:00+00:00,2026-10-10 01:00:00+00:00,2.84,4.29,5.21,12.25,65.63,1012.23,7.16
115128,2026-10-10 00:00:00+00:00,2026-10-10 01:00:00+00:00,,,11.2,,,,11.2
116563,2026-10-10 00:00:00+00:00,2026-10-10 01:00:00+00:00,,,11.8,,,,11.8
118567,2026-10-10 00:00:00+00:00,2026-10-10 01:00:00+00:00,3.15,4.34,5.36,10.39,72.25,1009.77,7.23
119037,2026-10-10 00:00:00+00:00,2026-10-10 01:00:00+00:00,0.24,0.62,1.06,9.92,72.92,1010.16,1.06
119284,2026-10-10 00:00:00+00:00,2026-10-10 01:00:00+00:00,,,,,,,
120855,2026-10-10 00:00:00+00:00,2026-10-10 01:00:00+00:00,6.04,9.57,11.97,9.2,63.7,1011.55,15.96
121237,2026-10-10 00:00:00+00:00,2026-10-10 01:00:00+00:00,1.19,1.69,2.06,12.21,65.68,1005.67,2.82
121862,2026-10-10 00:00:00+00:00,2026-10-10 01:00:00+00:00,1.92,2.47,2.88,10.53,72.97,1010.9,4.12
122015,2026-10-10 00:00:00+00:00,2026-10-10 01:00:00+00:00,0.0,0.29,0.32,10.57,66.64,1005.25,0.48
122162,2026-10-10 00:00:00+00:00,2026-10-10 01:00:00+00:00,5.66,8.62,10.57,8.24,67.04,1013.49,14.37
122320,2026-10-10 00:00:00+00:00,2026-10-10 01:00:00+00:00,6.6,9.78,11.83,9.61,47.48,1011.15,16.3
19,2026-10-10 01:00:00+00:00,2026-10-10 02:00:00+00:00,,3.3,7.5,,,,7.5
60,2026-10-10 01:00:00+00:00,2026-10-10 02:00:00+00:00,,,12.2,,,,12.2
246,2026-10-10 01:00:00+00:00,2026-10-10 02:00:00+00:00,4.17,5.44,6.71,,,1011.85,9.07
335,2026-10-10 01:00:00+00:00,2026-10-10 02:00:00+00:00,0.23,0.38,0.53,8.8,52.0,1010.7,0.64
811,2026-10-10 01:00:00+00:00,2026-10-10 02:00:00+00:00,5.81,8.13,10.75,10.7,77.5,1010.07,13.55
2467,2026-10-10 01:00:00+00:00,2026-10-10 02:00:00+00:00,1.99,2.5,2.88,10.57,49.79,1012.04,4.17
5709,2026-10-10 01:00:00+00:00,2026-10-10 02:00:00+00:00,8.75,11.82,14.09,9.39,73.76,1010.12,19.7
6068,2026-10-10 01:00:00+00:00,2026-10-10 02:00:00+00:00,4.05,5.5,6.33,10.41,73.79,1010.66,9.18
7385,2026-10-10 01:00:00+00:00,2026-10-10 02:00:00+00:00,0.04,0.15,0.3,,,1009.32,0.3
7427,2026-10-10 01:00:00+00:00,2026-10-10 02:00:00+00:00,2.29,3.13,3.81,9.68,69.48,1012.48,5.21
7456,2026-10-10 01:00:00+00:00,2026-10-10 02:00:00+00:00,3.44,5.57,6.58,10.69,75.25,1008.08,9.28
7584,2026-10-10 01:00:00+00:00,2026-10-10 02:00:00+00:00,0.14,0.22,0.25,10.16,75.25,1009.08,0.37
7592,2026-10-10 01:00:00+00:00,2026-10-10 02:00:00+00:00,0.09,0.28,0.31,10.12,51.27,1010.25,0.47
7634,2026-10-10 01:00:00+00:00,2026-10-10 02:00:00+00:00,1.3,2.34,2.83,13.66,76.0,1012.75,3.91
7683,2026-10-10 01:00:00+00:00,2026-10-10 02:00:00+00:00,6.94,10.83,12.91,9.3,73.36,1010.99,18.05
7758,2026-10-10 01:00:00+00:00,2026-10-10 02:00:00+00:00,,,6.0,,,,6.0
7768,2026-10-10 01:00:00+00:00,2026-10-10 02:00:00+00:00,1.06,1.65,1.92,,,1010.12,2.76
7844,2026-10-10 01:00:00+00:00,2026-10-10 02:00:00+00:00,0.03,0.17,0.22,9.72,57.04,1009.98,0.28
8152,2026-10-10 01:00:00+00:00,2026-10-10 02:00:00+00:00,0.0,0.0,0.0,9.93,51.26,1012.69,0.0
8165,2026-10-10 01:00:00+00:00,2026-10-10 02:00:00+00:00,2.0,2.65,3.1,10.7,76.0,1010.58,4.43
11958,2026-10-10 01:00:00+00:00,2026-10-10 02:00:00+00:00,3.71,4.91,5.76,9.04,74.1,1010.56,8.19
13167,2026-10-10 01:00:00+00:00,2026-10-10 02:00:00+00:00,1.52,2.15,3.12,10.32,74.5,1010.1,3.6
18769,2026-10-10 01:00:00+00:00,2026-10-10 02:00:00+00:00,7.13,11.79,15.08,9.32,66.91,1010.78,19.66
31130,2026-10-10 01:00:00+00:00,2026-10-10 02:00:00+00:00,2.36,3.44,3.98,9.57,77.35,1010.5,5.73
32871,2026-10-10 01:00:00+00:00,2026-10-10 02:00:00+00:00,3.45,5.13,6.36,9.42,52.74,1009.68,8.56
32907,2026-10-10 01:00:00+00:00,2026-10-10 02:00:00+00:00,2.41,3.63,4.81,9.94,75.25,1010.88,6.05
33052,2026-10-10 01:00:00+00:00,2026-10-10 02:00:00+00:00,6.71,9.29,10.7,9.49,76.99,1009.67,15.49
36475,2026-10-10 01:00:00+00:00,2026-10-10 02:00:00+00:00,3.15,5.13,6.93,10.19,76.0,1010.68,8.56
36477,2026-10-10 01:00:00+00:00,2026-10-10 02:00:00+00:00,5.76,8.88,11.63,9.53,77.2,1010.03,14.8
36605,2026-10-10 01:00:00+00:00,2026-10-10 02:00:00+00:00,4.75,7.61,9.27,9.77,75.7,1010.47,12.68
38444,2026-10-10 01:00:00+00:00,2026-10-10 02:00:00+00:00,2.26,3.68,4.57,10.04,75.24,1011.26,6.14
39433,2026-10-10 01:00:00+00:00,2026-10-10 02:00:00+00:00,1.03,1.5,1.78,10.74,74.5,1010.54,2.5
80731,2026-10-10 01:00:00+00:00,2026-10-10 02:00:00+00:00,4.98,6.57,8.48,9.9,51.25,1011.7,10.96
82333,2026-10-10 01:00:00+00:00,2026-10-10 02:00:00+00:00,3.21,4.93,5.99,9.2,72.12,1012.05,8.22
86899,2026-10-10 01:00:00+00:00,2026-10-10 02:00:00+00:00,3.09,4.34,5.37,12.06,62.73,1011.88,7.24
86902,2026-10-10 01:00:00+00:00,2026-10-10 02:00:00+00:00,3.52,5.43,6.66,9.32,75.9,1009.98,9.05
86904,2026-10-10 01:00:00+00:00,2026-10-10 02:00:00+00:00,2.57,3.93,5.15,10.14,51.27,1011.3,6.56
86905,2026-10-10 01:00:00+00:00,2026-10-10 02:00:00+00:00,7.07,10.22,12.17,10.11,51.27,1009.07,17.03
86909,2026-10-10 01:00:00+00:00,2026-10-10 02:00:00+00:00,2.29,3.27,3.89,10.59,69.34,1012.85,5.45
86910,2026-10-10 01:00:00+00:00,2026-10-10 02:00:00+00:00,1.13,1.53,1.82,10.68,75.25,1011.52,2.55
86914,2026-10-10 01:00:00+00:00,2026-10-10 02:00:00+00:00,1.35,1.95,2.37,10.57,68.08,1010.88,3.26
86915,2026-10-10 01:00:00+00:00,2026-10-10 02:00:00+00:00,1.41,1.97,2.33,10.7,51.3,1009.79,3.28
86932,2026-10-10 01:00:00+00:00,2026-10-10 02:00:00+00:00,9.4,12.62,15.04,10.08,76.0,1010.38,21.03
86941,2026-10-10 01:00:00+00:00,2026-10-10 02:00:00+00:00,1.87,2.61,3.06,10.62,53.05,1009.3,4.35
86961,2026-10-10 01:00:00+00:00,2026-10-10 02:00:00+00:00,2.73,3.59,4.29,10.35,77.1,1012.38,5.98
86963,2026-10-10 01:00:00+00:00,2026-10-10 02:00:00+00:00,8.74,12.31,15.31,9.8,73.5,1010.86,20.52
86980,2026-10-10 01:00:00+00:00,2026-10-10 02:00:00+00:00,1.76,2.34,2.87,10.59,74.5,1010.64,3.91
86998,2026-10-10 01:00:00+00:00,2026-10-10 02:00:00+00:00,4.06,6.2,7.27,9.39,69.05,1011.11,10.33
90148,2026-10-10 01:00:00+00:00,2026-10-10 02:00:00+00:00,5.08,7.6,8.74,9.87,76.0,1010.96,12.68
90388,2026-10-10 01:00:00+00:00,2026-10-10 02:00:00+00:00,0.4,1.1,1.7,10.75,67.41,1010.85,1.84
101090,2026-10-10 01:00:00+00:00,2026-10-10 02:00:00+00:00,6.12,9.91,12.43,11.07,77.42,1011.76,16.52
101102,2026-10-10 01:00:00+00:00,2026-10-10 02:00:00+00:00,5.38,9.05,11.79,11.63,76.0,1010.28,15.09
103261,2026-10-10 01:00:00+00:00,2026-10-10 02:00:00+00:00,1.73,2.65,3.06,12.36,69.38,1010.78,4.42
103326,2026-10-10 01:00:00+00:00,2026-10-10 02:00:00+00:00,0.6,0.71,0.83,9.95,75.25,1011.59,1.19
103904,2026-10-10 01:00:00+00:00,2026-10-10 02:00:00+00:00,1.75,2.69,3.34,12.32,69.23,1011.96,4.48
115128,2026-10-10 01:00:00+00:00,2026-10-10 02:00:00+00:00,,,12.7,,,,12.7
116563,2026-10-10 01:00:00+00:00,2026-10-10 02:00:00+00:00,,,11.7,,,,11.7
118567,2026-10-10 01:00:00+00:00,2026-10-10 02:00:00+00:00,2.54,3.32,4.04,10.31,75.25,1009.51,5.54
119037,2026-10-10 01:00:00+00:00,2026-10-10 02:00:00+00:00,0.2,0.65,0.99,10.07,75.25,1009.89,1.09
119284,2026-10-10 01:00:00+00:00,2026-10-10 02:00:00+00:00,,,,,,,
120855,2026-10-10 01:00:00+00:00,2026-10-10 02:00:00+00:00,5.87,9.17,11.5,9.08,67.25,1011.34,15.29
121237,2026-10-10 01:00:00+00:00,2026-10-10 02:00:00+00:00,1.43,1.96,2.32,12.24,69.13,1005.43,3.27
121862,2026-10-10 01:00:00+00:00,2026-10-10 02:00:00+00:00,1.95,2.47,2.88,10.52,75.25,1010.58,4.13
122015,2026-10-10 01:00:00+00:00,2026-10-10 02:00:00+00:00,0.0,0.12,0.13,11.27,68.72,1004.99,0.2
122162,2026-10-10 01:00:00+00:00,2026-10-10 02:00:00+00:00,4.98,7.51,9.22,8.52,69.06,1013.28,12.52
122320,2026-10-10 01:00:00+00:00,2026-10-10 02:00:00+00:00,5.61,8.2,10.0,9.63,50.49,1010.89,13.67
19,2026-10-10 02:00:00+00:00,2026-10-10 03:00:00+00:00,,3.0,7.4,,,,7.4
60,2026-10-10 02:00:00+00:00,2026-10-10 03:00:00+00:00,,,13.9,,,,13.9
246,2026-10-10 02:00:00+00:00,2026-10-10 03:00:00+00:00,2.83,3.53,4.22,,,1011.69,5.89
335,2026-10-10 02:00:00+00:00,2026-10-10 03:00:00+00:00,0.36,0.8,1.01,9.27,53.49,1010.46,1.33
811,2026-10-10 02:00:00+00:00,2026-10-10 03:00:00+00:00,3.41,4.72,6.18,10.85,79.0,1009.86,7.86
2467,2026-10-10 02:00:00+00:00,2026-10-10 03:00:00+00:00,1.85,2.35,2.75,10.63,52.79,1011.91,3.92
5709,2026-10-10 02:00:00+00:00,2026-10-10 03:00:00+00:00,7.89,10.64,12.58,9.43,77.08,1010.01,17.73
6068,2026-10-10 02:00:00+00:00,2026-10-10 03:00:00+00:00,2.33,3.18,3.76,10.73,77.75,1010.43,5.31
7385,2026-10-10 02:00:00+00:00,2026-10-10 03:00:00+00:00,0.02,0.04,0.06,,,1009.14,0.08
7427,2026-10-10 02:00:00+00:00,2026-10-10 03:00:00+00:00,2.2,3.01,3.58,9.51,72.64,1012.35,5.03
7456,2026-10-10 02:00:00+00:00,2026-10-10 03:00:00+00:00,2.81,4.48,5.28,10.74,78.25,1007.93,7.47
7584,2026-10-10 02:00:00+00:00,2026-10-10 03:00:00+00:00,0.09,0.13,0.19,10.18,79.0,1008.95,0.21
7592,2026-10-10 02:00:00+00:00,2026-10-10 03:00:00+00:00,0.08,0.22,0.24,10.11,54.27,1010.13,0.37
7634,2026-10-10 02:00:00+00:00,2026-10-10 03:00:00+00:00,1.35,2.35,2.93,13.61,79.0,1012.6,3.92
7683,2026-10-10 02:00:00+00:00,2026-10-10 03:00:00+00:00,5.67,8.92,10.82,9.33,76.59,1010.86,14.86
7758,2026-10-10 02:00:00+00:00,2026-10-10 03:00:00+00:00,,,7.6,,,,7.6
7768,2026-10-10 02:00:00+00:00,2026-10-10 03:00:00+00:00,1.11,1.83,2.08,,,1009.96,3.05
7844,2026-10-10 02:00:00+00:00,2026-10-10 03:00:00+00:00,0.03,0.03,0.08,9.9,54.51,1009.86,0.08
8152,2026-10-10 02:00:00+00:00,2026-10-10 03:00:00+00:00,0.0,0.0,0.0,10.03,54.26,1012.56,0.0
8165,2026-10-10 02:00:00+00:00,2026-10-10 03:00:00+00:00,1.44,1.87,2.23,10.96,79.0,1010.4,3.13
11958,2026-10-10 02:00:00+00:00,2026-10-10 03:00:00+00:00,3.65,4.79,5.68,8.72,77.64,1010.45,8.0
13167,2026-10-10 02:00:00+00:00,2026-10-10 03:00:00+00:00,1.38,1.91,2.66,,,1009.95,3.18
18769,2026-10-10 02:00:00+00:00,2026-10-10 03:00:00+00:00,7.23,11.62,14.86,9.51,74.99,1010.63,19.38
31130,2026-10-10 02:00:00+00:00,2026-10-10 03:00:00+00:00,2.46,3.63,4.22,9.73,79.0,1010.36,6.05
32871,2026-10-10 02:00:00+00:00,2026-10-10 03:00:00+00:00,3.09,4.63,5.54,9.69,54.25,1009.54,7.73
32907,2026-10-10 02:00:00+00:00,2026-10-10 03:00:00+00:00,1.6,2.32,2.92,10.12,78.25,1010.67,3.87
33052,2026-10-10 02:00:00+00:00,2026-10-10 03:00:00+00:00,7.1,9.87,11.32,9.66,78.79,1009.5,16.46
36475,2026-10-10 02:00:00+00:00,2026-10-10 03:00:00+00:00,2.7,4.24,5.61,10.26,79.0,1010.54,7.07
36477,2026-10-10 02:00:00+00:00,2026-10-10 03:00:00+00:00,4.99,7.75,10.28,9.69,78.95,1009.91,12.92
36605,2026-10-10 02:00:00+00:00,2026-10-10 03:00:00+00:00,5.89,9.03,10.86,9.74,78.66,1010.33,15.05
38444,2026-10-10 02:00:00+00:00,2026-10-10 03:00:00+00:00,1.32,2.08,2.58,10.34,78.25,1011.03,3.46
39433,2026-10-10 02:00:00+00:00,2026-10-10 03:00:00+00:00,0.98,1.42,1.71,10.8,77.5,1010.35,2.37
80731,2026-10-10 02:00:00+00:00,2026-10-10 03:00:00+00:00,4.21,5.64,7.24,10.05,54.26,1011.54,9.41
82333,2026-10-10 02:00:00+00:00,2026-10-10 03:00:00+00:00,1.98,3.36,4.14,9.27,75.33,1011.84,5.6
86899,2026-10-10 02:00:00+00:00,2026-10-10 03:00:00+00:00,2.47,3.23,4.13,12.15,66.56,1011.75,5.39
86902,2026-10-10 02:00:00+00:00,2026-10-10 03:00:00+00:00,2.54,3.67,4.55,9.88,78.25,1009.75,6.12
86904,2026-10-10 02:00:00+00:00,2026-10-10 03:00:00+00:00,1.5,2.16,2.75,10.33,54.28,1011.12,3.6
86905,2026-10-10 02:00:00+00:00,2026-10-10 03:00:00+00:00,5.35,7.74,9.19,10.17,54.27,1008.9,12.9
86909,2026-10-10 02:00:00+00:00,2026-10-10 03:00:00+00:00,0.5,0.91,1.09,10.97,73.67,1012.64,1.53
86910,2026-10-10 02:00:00+00:00,2026-10-10 03:00:00+00:00,1.13,1.45,1.77,10.61,79.0,1011.37,2.43
86914,2026-10-10 02:00:00+00:00,2026-10-10 03:00:00+00:00,1.38,1.95,2.34,10.57,71.96,1010.73,3.26
86915,2026-10-10 02:00:00+00:00,2026-10-10 03:00:00+00:00,1.35,1.87,2.18,10.76,54.3,1009.65,3.11
86932,2026-10-10 02:00:00+00:00,2026-10-10 03:00:00+00:00,6.23,8.56,10.48,10.16,79.0,1010.23,14.27
86941,2026-10-10 02:00:00+00:00,2026-10-10 03:00:00+00:00,1.53,2.02,2.35,10.71,79.0,1009.16,3.38
86961,2026-10-10 02:00:00+00:00,2026-10-10 03:00:00+00:00,1.82,2.27,2.71,10.51,79.0,1012.23,3.78
86963,2026-10-10 02:00:00+00:00,2026-10-10 03:00:00+00:00,1.84,3.15,3.93,10.21,77.73,1010.64,5.25
86980,2026-10-10 02:00:00+00:00,2026-10-10 03:00:00+00:00,1.77,2.46,3.03,10.7,77.5,1010.49,4.1
86998,2026-10-10 02:00:00+00:00,2026-10-10 03:00:00+00:00,3.47,5.3,6.19,9.49,73.15,1010.95,8.84
90148,2026-10-10 02:00:00+00:00,2026-10-10 03:00:00+00:00,3.81,5.74,6.57,9.93,79.0,1010.83,9.57
90388,2026-10-10 02:00:00+00:00,2026-10-10 03:00:00+00:00,0.33,0.98,1.56,10.84,71.62,1010.71,1.63
101090,2026-10-10 02:00:00+00:00,2026-10-10 03:00:00+00:00,6.04,9.79,12.14,11.27,79.0,1011.6,16.32
101102,2026-10-10 02:00:00+00:00,2026-10-10 03:00:00+00:00,4.61,8.0,10.29,11.72,79.0,1010.13,13.34
103261,2026-10-10 02:00:00+00:00,2026-10-10 03:00:00+00:00,1.69,2.54,2.92,12.42,73.24,1010.63,4.23
103326,2026-10-10 02:00:00+00:00,2026-10-10 03:00:00+00:00,0.64,0.73,0.83,9.97,79.0,1011.42,1.22
103904,2026-10-10 02:00:00+00:00,2026-10-10 03:00:00+00:00,1.28,1.98,2.39,12.41,73.12,1011.77,3.31
115128,2026-10-10 02:00:00+00:00,2026-10-10 03:00:00+00:00,,,8.1,,,,8.1
116563,2026-10-10 02:00:00+00:00,2026-10-10 03:00:00+00:00,,,9.0,,,,9.0
118567,2026-10-10 02:00:00+00:00,2026-10-10 03:00:00+00:00,1.59,2.02,2.54,10.45,78.25,1009.31,3.38
119037,2026-10-10 02:00:00+00:00,2026-10-10 03:00:00+00:00,0.14,0.39,0.68,10.12,79.0,1009.72,0.69
119284,2026-10-10 02:00:00+00:00,2026-10-10 03:00:00+00:00,,,,,,,
120855,2026-10-10 02:00:00+00:00,2026-10-10 03:00:00+00:00,4.14,6.33,7.85,9.55,68.92,1011.13,10.55
121237,2026-10-10 02:00:00+00:00,2026-10-10 03:00:00+00:00,1.57,2.1,2.55,12.27,72.74,1005.27,3.51
121862,2026-10-10 02:00:00+00:00,2026-10-10 03:00:00+00:00,1.87,2.37,2.73,10.57,79.0,1010.44,3.95
122015,2026-10-10 02:00:00+00:00,2026-10-10 03:00:00+00:00,0.0,0.25,0.28,11.43,70.75,1004.85,0.43
122162,2026-10-10 02:00:00+00:00,2026-10-10 03:00:00+00:00,4.72,7.04,8.75,8.34,71.95,1013.14,11.75
122320,2026-10-10 02:00:00+00:00,2026-10-10 03:00:00+00:00,3.15,4.45,5.34,9.83,53.5,1010.7,7.42
19,2026-10-10 03:00:00+00:00,2026-10-10 04:00:00+00:00,,3.1,7.2,,,,7.2
60,2026-10-10 03:00:00+00:00,2026-10-10 04:00:00+00:00,,,16.5,,,,16.5
246,2026-10-10 03:00:00+00:00,2026-10-10 04:00:00+00:00,2.41,3.1,3.78,,,1011.66,5.17
335,2026-10-10 03:00:00+00:00,2026-10-10 04:00:00+00:00,0.34,0.61,0.72,9.0,55.75,1010.46,1.03
811,2026-10-10 03:00:00+00:00,2026-10-10 04:00:00+00:00,2.4,3.21,3.94,11.01,80.5,1009.84,5.36
2467,2026-10-10 03:00:00+00:00,2026-10-10 04:00:00+00:00,1.63,2.0,2.34,10.67,54.29,1011.87,3.34
5709,2026-10-10 03:00:00+00:00,2026-10-10 04:00:00+00:00,5.31,7.02,8.29,9.65,78.52,1009.94,11.7
6068,2026-10-10 03:00:00+00:00,2026-10-10 04:00:00+00:00,1.65,2.18,2.51,10.99,79.0,1010.41,3.63
7385,2026-10-10 03:00:00+00:00,2026-10-10 04:00:00+00:00,0.03,0.07,0.15,,,1009.1,0.15
7427,2026-10-10 03:00:00+00:00,2026-10-10 04:00:00+00:00,2.06,2.74,3.24,9.62,74.55,1012.33,4.57
7456,2026-10-10 03:00:00+00:00,2026-10-10 04:00:00+00:00,3.43,5.18,5.95,10.74,79.0,1007.92,8.64
7584,2026-10-10 03:00:00+00:00,2026-10-10 04:00:00+00:00,0.06,0.11,0.15,10.27,79.0,1008.92,0.19
7592,2026-10-10 03:00:00+00:00,2026-10-10 04:00:00+00:00,0.05,0.15,0.17,10.16,55.14,1010.1,0.26
7634,2026-10-10 03:00:00+00:00,2026-10-10 04:00:00+00:00,1.53,2.56,3.14,13.64,79.75,1012.56,4.27
7683,2026-10-10 03:00:00+00:00,2026-10-10 04:00:00+00:00,5.06,7.9,9.5,9.43,77.42,1010.83,13.17
7758,2026-10-10 03:00:00+00:00,2026-10-10 04:00:00+00:00,,,9.8,,,,9.8
7768,2026-10-10 03:00:00+00:00,2026-10-10 04:00:00+00:00,0.89,1.44,1.64,,,1009.94,2.41
7844,2026-10-10 03:00:00+00:00,2026-10-10 04:00:00+00:00,0.0,0.06,0.07,10.03,55.77,1009.85,0.11
8152,2026-10-10 03:00:00+00:00,2026-10-10 04:00:00+00:00,0.0,0.0,0.0,10.11,55.01,1012.52,0.0
8165,2026-10-10 03:00:00+00:00,2026-10-10 04:00:00+00:00,1.71,2.26,2.7,11.0,79.75,1010.42,3.77
11958,2026-10-10 03:00:00+00:00,2026-10-10 04:00:00+00:00,3.44,4.48,5.27,8.81,80.21,1010.4,7.47
13167,2026-10-10 03:00:00+00:00,2026-10-10 04:00:00+00:00,1.3,1.76,2.47,,,1009.92,2.95
18769,2026-10-10 03:00:00+00:00,2026-10-10 04:00:00+00:00,7.91,13.44,19.13,9.69,72.84,1010.61,22.41
31130,2026-10-10 03:00:00+00:00,2026-10-10 04:00:00+00:00,2.88,3.95,4.62,9.85,80.5,1010.36,6.59
32871,2026-10-10 03:00:00+00:00,2026-10-10 04:00:00+00:00,2.82,4.09,4.8,9.74,55.77,1009.48,6.81
32907,2026-10-10 03:00:00+00:00,2026-10-10 04:00:00+00:00,1.58,2.29,2.93,10.16,79.0,1010.67,3.82
33052,2026-10-10 03:00:00+00:00,2026-10-10 04:00:00+00:00,4.99,6.74,7.74,9.8,80.48,1009.44,11.24
36475,2026-10-10 03:00:00+00:00,2026-10-10 04:00:00+00:00,2.18,3.37,4.42,10.41,79.75,1010.5,5.62
36477,2026-10-10 03:00:00+00:00,2026-10-10 04:00:00+00:00,3.83,5.72,7.71,9.8,80.47,1009.88,9.54
36605,2026-10-10 03:00:00+00:00,2026-10-10 04:00:00+00:00,3.62,5.47,6.53,9.9,79.57,1010.31,9.13
38444,2026-10-10 03:00:00+00:00,2026-10-10 04:00:00+00:00,1.36,2.14,2.71,10.42,79.0,1011.03,3.57
39433,2026-10-10 03:00:00+00:00,2026-10-10 04:00:00+00:00,0.91,1.3,1.6,10.82,79.0,1010.36,2.17
80731,2026-10-10 03:00:00+00:00,2026-10-10 04:00:00+00:00,2.74,3.66,4.57,10.16,55.01,1011.51,6.11
82333,2026-10-10 03:00:00+00:00,2026-10-10 04:00:00+00:00,2.61,4.16,5.12,9.39,76.53,1011.84,6.93
86899,2026-10-10 03:00:00+00:00,2026-10-10 04:00:00+00:00,2.5,3.23,4.08,12.14,67.64,1011.75,5.38
86902,2026-10-10 03:00:00+00:00,2026-10-10 04:00:00+00:00,1.43,1.98,2.41,10.04,80.5,1009.72,3.3
86904,2026-10-10 03:00:00+00:00,2026-10-10 04:00:00+00:00,1.9,2.73,3.5,10.4,55.03,1011.14,4.55
86905,2026-10-10 03:00:00+00:00,2026-10-10 04:00:00+00:00,3.54,4.95,5.84,10.34,55.02,1008.88,8.25
86909,2026-10-10 03:00:00+00:00,2026-10-10 04:00:00+00:00,0.45,0.85,1.03,11.1,74.81,1012.64,1.42
86910,2026-10-10 03:00:00+00:00,2026-10-10 04:00:00+00:00,1.04,1.41,1.68,10.72,79.0,1011.39,2.36
86914,2026-10-10 03:00:00+00:00,2026-10-10 04:00:00+00:00,1.29,1.85,2.25,10.55,73.99,1010.71,3.09
86915,2026-10-10 03:00:00+00:00,2026-10-10 04:00:00+00:00,1.38,1.88,2.19,10.82,55.05,1009.65,3.13
86932,2026-10-10 03:00:00+00:00,2026-10-10 04:00:00+00:00,5.54,7.53,9.19,10.3,79.75,1010.22,12.56
86941,2026-10-10 03:00:00+00:00,2026-10-10 04:00:00+00:00,1.5,1.94,2.28,10.78,78.49,1009.14,3.23
86961,2026-10-10 03:00:00+00:00,2026-10-10 04:00:00+00:00,2.14,2.76,3.27,10.59,80.5,1012.22,4.6
86963,2026-10-10 03:00:00+00:00,2026-10-10 04:00:00+00:00,1.59,2.69,3.49,10.56,79.0,1010.61,4.49
86980,2026-10-10 03:00:00+00:00,2026-10-10 04:00:00+00:00,1.63,2.25,2.8,10.72,79.0,1010.5,3.75
86998,2026-10-10 03:00:00+00:00,2026-10-10 04:00:00+00:00,2.9,4.34,5.03,9.58,74.2,1010.92,7.24
90148,2026-10-10 03:00:00+00:00,2026-10-10 04:00:00+00:00,3.85,5.8,6.66,10.09,79.75,1010.77,9.68
90388,2026-10-10 03:00:00+00:00,2026-10-10 04:00:00+00:00,0.37,0.93,1.46,10.99,71.75,1010.69,1.56
101090,2026-10-10 03:00:00+00:00,2026-10-10 04:00:00+00:00,4.59,7.06,8.72,11.34,80.5,1011.59,11.77
101102,2026-10-10 03:00:00+00:00,2026-10-10 04:00:00+00:00,3.96,6.61,8.68,11.78,79.75,1010.08,11.03
103261,2026-10-10 03:00:00+00:00,2026-10-10 04:00:00+00:00,1.79,2.77,3.34,12.33,73.44,1010.66,4.62
103326,2026-10-10 03:00:00+00:00,2026-10-10 04:00:00+00:00,0.45,0.5,0.55,9.91,78.96,1011.47,0.84
103904,2026-10-10 03:00:00+00:00,2026-10-10 04:00:00+00:00,1.31,1.94,2.41,12.5,73.99,1011.82,3.23
115128,2026-10-10 03:00:00+00:00,2026-10-10 04:00:00+00:00,,,6.9,,,,6.9
116563,2026-10-10 03:00:00+00:00,2026-10-10 04:00:00+00:00,,,13.1,,,,13.1
118567,2026-10-10 03:00:00+00:00,2026-10-10 04:00:00+00:00,1.49,1.91,2.29,10.54,79.0,1009.32,3.19
119037,2026-10-10 03:00:00+00:00,2026-10-10 04:00:00+00:00,0.18,0.55,0.74,10.18,79.0,1009.73,0.91
119284,2026-10-10 03:00:00+00:00,2026-10-10 04:00:00+00:00,,,,,,,
120855,2026-10-10 03:00:00+00:00,2026-10-10 04:00:00+00:00,4.04,6.0,7.42,9.33,71.99,1011.11,10.0
121237,2026-10-10 03:00:00+00:00,2026-10-10 04:00:00+00:00,1.61,2.2,2.59,12.36,74.53,1005.26,3.67
121862,2026-10-10 03:00:00+00:00,2026-10-10 04:00:00+00:00,1.65,2.07,2.39,10.6,79.0,1010.39,3.45
122015,2026-10-10 03:00:00+00:00,2026-10-10 04:00:00+00:00,0.0,0.34,0.38,11.52,72.67,1004.82,0.57
122162,2026-10-10 03:00:00+00:00,2026-10-10 04:00:00+00:00,3.72,5.49,6.68,8.46,73.6,1013.09,9.16
122320,2026-10-10 03:00:00+00:00,2026-10-10 04:00:00+00:00,2.96,4.26,5.15,9.97,54.26,1010.7,7.11
19,2026-10-10 04:00:00+00:00,2026-10-10 05:00:00+00:00,,3.4,7.0,,,,7.0
60,2026-10-10 04:00:00+00:00,2026-10-10 05:00:00+00:00,,,18.1,,,,18.1
246,2026-10-10 04:00:00+00:00,2026-10-10 05:00:00+00:00,1.95,2.57,3.13,,,1011.85,4.29
335,2026-10-10 04:00:00+00:00,2026-10-10 05:00:00+00:00,0.24,0.38,0.44,9.35,57.32,1010.6,0.64
811,2026-10-10 04:00:00+00:00,2026-10-10 05:00:00+00:00,2.4,3.08,3.83,11.21,81.25,1009.89,5.14
2467,2026-10-10 04:00:00+00:00,2026-10-10 05:00:00+00:00,1.59,2.01,2.32,10.8,55.05,1011.99,3.35
5709,2026-10-10 04:00:00+00:00,2026-10-10 05:00:00+00:00,4.49,5.99,7.1,10.07,80.5,1010.03,9.99
6068,2026-10-10 04:00:00+00:00,2026-10-10 05:00:00+00:00,1.85,2.48,2.89,11.03,79.75,1010.59,4.14
7385,2026-10-10 04:00:00+00:00,2026-10-10 05:00:00+00:00,0.03,0.09,0.17,,,1009.21,0.18
7427,2026-10-10 04:00:00+00:00,2026-10-10 05:00:00+00:00,1.81,2.34,2.77,10.16,76.18,1012.46,3.91
7456,2026-10-10 04:00:00+00:00,2026-10-10 05:00:00+00:00,1.8,2.64,3.08,10.93,79.75,1008.1,4.41
7584,2026-10-10 04:00:00+00:00,2026-10-10 05:00:00+00:00,0.11,0.14,0.19,10.32,80.5,1009.02,0.24
7592,2026-10-10 04:00:00+00:00,2026-10-10 05:00:00+00:00,0.08,0.22,0.25,10.35,66.39,1010.2,0.38
7634,2026-10-10 04:00:00+00:00,2026-10-10 05:00:00+00:00,1.57,2.66,3.34,13.68,80.5,1012.69,4.44
7683,2026-10-10 04:00:00+00:00,2026-10-10 05:00:00+00:00,4.07,6.38,7.75,9.57,78.61,1010.96,10.63
7758,2026-10-10 04:00:00+00:00,2026-10-10 05:00:00+00:00,,,13.0,,,,13.0
7768,2026-10-10 04:00:00+00:00,2026-10-10 05:00:00+00:00,0.99,1.51,1.76,,,1010.07,2.53
7844,2026-10-10 04:00:00+00:00,2026-10-10 05:00:00+00:00,0.05,0.19,0.21,10.14,56.63,1009.99,0.32
8152,2026-10-10 04:00:00+00:00,2026-10-10 05:00:00+00:00,0.0,0.0,0.0,10.24,55.77,1012.67,0.0
8165,2026-10-10 04:00:00+00:00,2026-10-10 05:00:00+00:00,1.97,2.63,3.08,11.02,80.5,1010.56,4.39
11958,2026-10-10 04:00:00+00:00,2026-10-10 05:00:00+00:00,2.92,3.74,4.38,9.49,81.98,1010.55,6.23
13167,2026-10-10 04:00:00+00:00,2026-10-10 05:00:00+00:00,1.47,1.95,2.8,,,1010.04,3.26
18769,2026-10-10 04:00:00+00:00,2026-10-10 05:00:00+00:00,3.08,4.81,6.21,10.13,75.47,1010.76,8.02
31130,2026-10-10 04:00:00+00:00,2026-10-10 05:00:00+00:00,2.76,4.02,4.63,10.09,81.25,1010.49,6.71
32871,2026-10-10 04:00:00+00:00,2026-10-10 05:00:00+00:00,2.47,3.51,4.22,9.85,75.97,1009.62,5.85
32907,2026-10-10 04:00:00+00:00,2026-10-10 05:00:00+00:00,1.75,2.54,3.22,10.28,79.75,1010.83,4.23
33052,2026-10-10 04:00:00+00:00,2026-10-10 05:00:00+00:00,2.03,2.74,3.12,10.17,81.25,1009.56,4.58
36475,2026-10-10 04:00:00+00:00,2026-10-10 05:00:00+00:00,1.97,2.97,3.98,10.57,80.5,1010.65,4.96
36477,2026-10-10 04:00:00+00:00,2026-10-10 05:00:00+00:00,2.97,4.33,5.53,10.16,81.25,1010.0,7.22
36605,2026-10-10 04:00:00+00:00,2026-10-10 05:00:00+00:00,4.69,7.17,8.45,10.09,80.5,1010.46,11.96
38444,2026-10-10 04:00:00+00:00,2026-10-10 05:00:00+00:00,1.5,2.37,2.96,10.51,79.75,1011.15,3.96
39433,2026-10-10 04:00:00+00:00,2026-10-10 05:00:00+00:00,0.97,1.44,1.74,10.89,79.75,1010.51,2.41
80731,2026-10-10 04:00:00+00:00,2026-10-10 05:00:00+00:00,2.07,2.7,3.48,10.32,55.77,1011.65,4.51
82333,2026-10-10 04:00:00+00:00,2026-10-10 05:00:00+00:00,3.35,5.06,6.04,9.56,69.24,1011.99,8.43
86899,2026-10-10 04:00:00+00:00,2026-10-10 05:00:00+00:00,2.42,3.1,3.89,12.25,68.97,1011.89,5.18
86902,2026-10-10 04:00:00+00:00,2026-10-10 05:00:00+00:00,1.77,2.55,3.08,10.54,79.75,1009.89,4.25
86904,2026-10-10 04:00:00+00:00,2026-10-10 05:00:00+00:00,1.82,2.53,3.13,10.47,55.78,1011.28,4.23
86905,2026-10-10 04:00:00+00:00,2026-10-10 05:00:00+00:00,2.24,3.07,3.66,10.62,55.79,1009.0,5.13
86909,2026-10-10 04:00:00+00:00,2026-10-10 05:00:00+00:00,0.8,1.28,1.56,11.21,75.81,1012.8,2.13
86910,2026-10-10 04:00:00+00:00,2026-10-10 05:00:00+00:00,1.36,1.8,2.14,10.85,68.14,1011.51,3.0
86914,2026-10-10 04:00:00+00:00,2026-10-10 05:00:00+00:00,1.35,1.92,2.29,10.57,78.53,1010.87,3.2
86915,2026-10-10 04:00:00+00:00,2026-10-10 05:00:00+00:00,1.51,2.16,2.57,10.94,55.81,1009.8,3.6
86932,2026-10-10 04:00:00+00:00,2026-10-10 05:00:00+00:00,3.0,3.87,4.63,10.58,80.5,1010.34,6.46
86941,2026-10-10 04:00:00+00:00,2026-10-10 05:00:00+00:00,1.51,1.99,2.34,10.91,62.17,1009.28,3.33
86961,2026-10-10 04:00:00+00:00,2026-10-10 05:00:00+00:00,2.29,3.03,3.61,10.65,81.25,1012.34,5.06
86963,2026-10-10 04:00:00+00:00,2026-10-10 05:00:00+00:00,1.52,2.57,3.51,10.7,79.75,1010.79,4.29
86980,2026-10-10 04:00:00+00:00,2026-10-10 05:00:00+00:00,1.97,2.64,3.23,10.78,79.75,1010.68,4.4
86998,2026-10-10 04:00:00+00:00,2026-10-10 05:00:00+00:00,2.47,3.76,4.4,9.82,75.81,1011.06,6.27
90148,2026-10-10 04:00:00+00:00,2026-10-10 05:00:00+00:00,3.35,4.91,5.6,10.26,80.5,1010.9,8.19
90388,2026-10-10 04:00:00+00:00,2026-10-10 05:00:00+00:00,1.01,1.93,2.94,10.98,74.7,1010.84,3.21
101090,2026-10-10 04:00:00+00:00,2026-10-10 05:00:00+00:00,7.36,10.88,13.08,11.52,81.25,1011.7,18.13
101102,2026-10-10 04:00:00+00:00,2026-10-10 05:00:00+00:00,4.72,8.27,11.46,11.93,80.5,1010.24,13.79
103261,2026-10-10 04:00:00+00:00,2026-10-10 05:00:00+00:00,1.96,2.9,3.34,12.35,75.87,1010.77,4.83
103326,2026-10-10 04:00:00+00:00,2026-10-10 05:00:00+00:00,0.45,0.52,0.57,9.87,80.39,1011.61,0.86
103904,2026-10-10 04:00:00+00:00,2026-10-10 05:00:00+00:00,1.44,2.17,2.62,12.57,75.36,1011.94,3.62
115128,2026-10-10 04:00:00+00:00,2026-10-10 05:00:00+00:00,,,5.6,,,,5.6
116563,2026-10-10 04:00:00+00:00,2026-10-10 05:00:00+00:00,,,8.9,,,,8.9
118567,2026-10-10 04:00:00+00:00,2026-10-10 05:00:00+00:00,1.54,1.98,2.46,10.65,79.75,1009.5,3.31
119037,2026-10-10 04:00:00+00:00,2026-10-10 05:00:00+00:00,0.14,0.5,0.84,10.25,80.5,1009.83,0.85
119284,2026-10-10 04:00:00+00:00,2026-10-10 05:00:00+00:00,,,,,,,
120855,2026-10-10 04:00:00+00:00,2026-10-10 05:00:00+00:00,5.23,7.85,9.56,9.65,73.66,1011.31,13.1
121237,2026-10-10 04:00:00+00:00,2026-10-10 05:00:00+00:00,1.95,2.58,3.13,12.56,76.65,1005.45,4.3
121862,2026-10-10 04:00:00+00:00,2026-10-10 05:00:00+00:00,1.63,2.03,2.39,10.69,80.5,1010.5,3.38
122015,2026-10-10 04:00:00+00:00,2026-10-10 05:00:00+00:00,0.0,0.19,0.21,11.82,74.08,1004.88,0.32
122162,2026-10-10 04:00:00+00:00,2026-10-10 05:00:00+00:00,3.71,5.43,6.67,9.05,75.36,1013.22,9.05
122320,2026-10-10 04:00:00+00:00,2026-10-10 05:00:00+00:00,2.65,3.86,4.58,10.13,55.01,1010.84,6.43
19,2026-10-10 05:00:00+00:00,2026-10-10 06:00:00+00:00,,8.2,13.5,,,,13.67
60,2026-10-10 05:00:00+00:00,2026-10-10 06:00:00+00:00,,,20.8,,,,20.8
246,2026-10-10 05:00:00+00:00,2026-10-10 06:00:00+00:00,1.9,2.49,3.03,,,1011.78,4.15
335,2026-10-10 05:00:00+00:00,2026-10-10 06:00:00+00:00,0.2,0.35,0.49,9.54,59.04,1010.47,0.58
811,2026-10-10 05:00:00+00:00,2026-10-10 06:00:00+00:00,2.67,3.48,4.21,11.34,82.75,1009.81,5.8
2467,2026-10-10 05:00:00+00:00,2026-10-10 06:00:00+00:00,1.61,2.07,2.41,10.86,55.81,1012.02,3.45
5709,2026-10-10 05:00:00+00:00,2026-10-10 06:00:00+00:00,4.37,5.58,6.61,10.28,81.25,1009.99,9.31
6068,2026-10-10 05:00:00+00:00,2026-10-10 06:00:00+00:00,2.01,2.67,3.05,11.0,81.25,1010.55,4.46
7385,2026-10-10 05:00:00+00:00,2026-10-10 06:00:00+00:00,0.02,0.05,0.11,,,1009.15,0.12
7427,2026-10-10 05:00:00+00:00,2026-10-10 06:00:00+00:00,1.66,2.2,2.59,10.24,78.54,1012.42,3.67
7456,2026-10-10 05:00:00+00:00,2026-10-10 06:00:00+00:00,1.69,2.53,2.99,11.0,81.25,1008.01,4.22
7584,2026-10-10 05:00:00+00:00,2026-10-10 06:00:00+00:00,0.05,0.08,0.12,10.41,81.25,1008.99,0.14
7592,2026-10-10 05:00:00+00:00,2026-10-10 06:00:00+00:00,0.05,0.18,0.19,10.46,80.19,1010.11,0.3
7634,2026-10-10 05:00:00+00:00,2026-10-10 06:00:00+00:00,1.53,2.53,3.0,13.67,81.25,1012.63,4.22
7683,2026-10-10 05:00:00+00:00,2026-10-10 06:00:00+00:00,4.22,6.66,7.98,9.7,80.37,1010.85,11.11
7758,2026-10-10 05:00:00+00:00,2026-10-10 06:00:00+00:00,,,6.9,,,,6.9
7768,2026-10-10 05:00:00+00:00,2026-10-10 06:00:00+00:00,1.3,2.23,2.58,,,1010.08,3.72
7844,2026-10-10 05:00:00+00:00,2026-10-10 06:00:00+00:00,0.1,0.41,0.46,10.35,58.37,1009.89,0.69
8152,2026-10-10 05:00:00+00:00,2026-10-10 06:00:00+00:00,0.0,0.0,0.0,10.34,56.53,1012.64,0.0
8165,2026-10-10 05:00:00+00:00,2026-10-10 06:00:00+00:00,2.51,3.38,4.07,10.96,81.25,1010.54,5.64
11958,2026-10-10 05:00:00+00:00,2026-10-10 06:00:00+00:00,3.53,4.43,5.2,9.44,83.5,1010.48,7.38
13167,2026-10-10 05:00:00+00:00,2026-10-10 06:00:00+00:00,1.42,1.89,2.8,,,1010.09,3.16
18769,2026-10-10 05:00:00+00:00,2026-10-10 06:00:00+00:00,4.78,6.35,7.76,10.43,58.3,1010.71,10.59
31130,2026-10-10 05:00:00+00:00,2026-10-10 06:00:00+00:00,3.68,5.53,6.42,10.19,82.75,1010.44,9.22
32871,2026-10-10 05:00:00+00:00,2026-10-10 06:00:00+00:00,2.09,3.0,3.44,10.11,70.24,1009.61,5.0
32907,2026-10-10 05:00:00+00:00,2026-10-10 06:00:00+00:00,2.01,2.91,3.73,10.32,81.25,1010.78,4.85
33052,2026-10-10 05:00:00+00:00,2026-10-10 06:00:00+00:00,1.49,1.96,2.29,10.36,82.75,1009.5,3.27
36475,2026-10-10 05:00:00+00:00,2026-10-10 06:00:00+00:00,1.23,1.91,2.47,10.62,81.25,1010.61,3.18
36477,2026-10-10 05:00:00+00:00,2026-10-10 06:00:00+00:00,3.04,4.28,5.38,10.42,82.75,1009.93,7.14
36605,2026-10-10 05:00:00+00:00,2026-10-10 06:00:00+00:00,3.48,5.09,5.99,10.21,81.25,1010.4,8.48
38444,2026-10-10 05:00:00+00:00,2026-10-10 06:00:00+00:00,1.7,2.71,3.34,10.5,81.25,1011.16,4.53
39433,2026-10-10 05:00:00+00:00,2026-10-10 06:00:00+00:00,0.86,1.26,1.59,10.9,80.5,1010.49,2.1
80731,2026-10-10 05:00:00+00:00,2026-10-10 06:00:00+00:00,1.97,2.51,3.21,10.49,56.53,1011.62,4.19
82333,2026-10-10 05:00:00+00:00,2026-10-10 06:00:00+00:00,3.41,5.08,6.07,9.62,56.49,1011.88,8.47
86899,2026-10-10 05:00:00+00:00,2026-10-10 06:00:00+00:00,2.25,2.87,3.43,12.36,70.1,1011.82,4.79
86902,2026-10-10 05:00:00+00:00,2026-10-10 06:00:00+00:00,2.34,3.38,3.97,10.17,82.75,1009.89,5.63
86904,2026-10-10 05:00:00+00:00,2026-10-10 06:00:00+00:00,1.76,2.41,3.1,10.46,56.53,1011.25,4.02
86905,2026-10-10 05:00:00+00:00,2026-10-10 06:00:00+00:00,2.02,2.68,3.14,10.79,56.55,1008.98,4.48
86909,2026-10-10 05:00:00+00:00,2026-10-10 06:00:00+00:00,1.57,2.33,2.85,11.18,77.58,1012.76,3.88
86910,2026-10-10 05:00:00+00:00,2026-10-10 06:00:00+00:00,1.85,2.42,2.93,10.9,56.56,1011.44,4.04
86914,2026-10-10 05:00:00+00:00,2026-10-10 06:00:00+00:00,3.36,4.49,5.25,10.44,80.5,1010.93,7.49
86915,2026-10-10 05:00:00+00:00,2026-10-10 06:00:00+00:00,1.43,2.04,2.42,10.94,56.56,1009.73,3.4
86932,2026-10-10 05:00:00+00:00,2026-10-10 06:00:00+00:00,4.7,6.4,7.76,10.76,81.25,1010.3,10.68
86941,2026-10-10 05:00:00+00:00,2026-10-10 06:00:00+00:00,1.58,2.03,2.35,11.0,59.2,1009.25,3.39
86961,2026-10-10 05:00:00+00:00,2026-10-10 06:00:00+00:00,2.33,3.04,3.62,10.75,82.75,1012.31,5.08
86963,2026-10-10 05:00:00+00:00,2026-10-10 06:00:00+00:00,1.95,3.3,4.37,10.54,81.25,1010.77,5.5
86980,2026-10-10 05:00:00+00:00,2026-10-10 06:00:00+00:00,2.73,3.6,4.39,10.71,80.5,1010.67,6.0
86998,2026-10-10 05:00:00+00:00,2026-10-10 06:00:00+00:00,2.46,3.64,4.13,9.91,78.37,1010.98,6.07
90148,2026-10-10 05:00:00+00:00,2026-10-10 06:00:00+00:00,3.39,5.23,5.99,10.33,81.25,1010.84,8.73
90388,2026-10-10 05:00:00+00:00,2026-10-10 06:00:00+00:00,0.79,1.69,2.28,10.97,76.49,1010.82,2.82
101090,2026-10-10 05:00:00+00:00,2026-10-10 06:00:00+00:00,5.26,7.64,9.38,11.83,82.75,1011.66,12.73
101102,2026-10-10 05:00:00+00:00,2026-10-10 06:00:00+00:00,3.4,5.31,6.68,12.08,81.25,1010.2,8.86
103261,2026-10-10 05:00:00+00:00,2026-10-10 06:00:00+00:00,2.11,3.1,3.6,12.39,77.31,1010.76,5.16
103326,2026-10-10 05:00:00+00:00,2026-10-10 06:00:00+00:00,0.49,0.59,0.65,10.0,81.25,1011.55,0.98
103904,2026-10-10 05:00:00+00:00,2026-10-10 06:00:00+00:00,1.58,2.35,2.97,12.58,76.61,1011.92,3.93
115128,2026-10-10 05:00:00+00:00,2026-10-10 06:00:00+00:00,,,11.0,,,,11.0
116563,2026-10-10 05:00:00+00:00,2026-10-10 06:00:00+00:00,,,12.5,,,,12.5
118567,2026-10-10 05:00:00+00:00,2026-10-10 06:00:00+00:00,2.05,2.7,3.36,10.64,81.25,1009.49,4.51
119037,2026-10-10 05:00:00+00:00,2026-10-10 06:00:00+00:00,0.14,0.5,0.7,10.38,81.25,1009.78,0.83
119284,2026-10-10 05:00:00+00:00,2026-10-10 06:00:00+00:00,,,,,,,
120855,2026-10-10 05:00:00+00:00,2026-10-10 06:00:00+00:00,4.98,7.23,8.85,9.78,76.01,1011.21,12.06
121237,2026-10-10 05:00:00+00:00,2026-10-10 06:00:00+00:00,7.27,8.22,9.55,12.41,78.85,1005.46,13.71
121862,2026-10-10 05:00:00+00:00,2026-10-10 06:00:00+00:00,1.59,2.0,2.31,10.87,81.25,1010.54,3.34
122015,2026-10-10 05:00:00+00:00,2026-10-10 06:00:00+00:00,0.01,0.26,0.29,12.15,76.05,1004.8,0.43
122162,2026-10-10 05:00:00+00:00,2026-10-10 06:00:00+00:00,4.8,7.01,8.63,9.24,77.62,1013.15,11.69
122320,2026-10-10 05:00:00+00:00,2026-10-10 06:00:00+00:00,2.95,4.16,5.06,10.32,56.53,1010.82,6.93
19,2026-10-10 06:00:00+00:00,2026-10-10 07:00:00+00:00,,6.0,12.6,,,,12.6
60,2026-10-10 06:00:00+00:00,2026-10-10 07:00:00+00:00,,,18.2,,,,18.2
246,2026-10-10 06:00:00+00:00,2026-10-10 07:00:00+00:00,1.74,2.33,2.85,,,1011.91,3.89
335,2026-10-10 06:00:00+00:00,2026-10-10 07:00:00+00:00,0.05,0.08,0.15,10.76,57.31,1010.38,0.15
811,2026-10-10 06:00:00+00:00,2026-10-10 07:00:00+00:00,3.37,4.34,5.45,12.02,82.0,1009.89,7.24
2467,2026-10-10 06:00:00+00:00,2026-10-10 07:00:00+00:00,1.24,1.62,1.86,11.6,55.81,1012.09,2.71
5709,2026-10-10 06:00:00+00:00,2026-10-10 07:00:00+00:00,3.12,4.07,4.81,10.84,82.75,1010.13,6.78
6068,2026-10-10 06:00:00+00:00,2026-10-10 07:00:00+00:00,2.67,3.58,4.15,11.71,80.5,1010.66,5.97
7385,2026-10-10 06:00:00+00:00,2026-10-10 07:00:00+00:00,0.07,0.19,0.26,,,1009.25,0.31
7427,2026-10-10 06:00:00+00:00,2026-10-10 07:00:00+00:00,2.27,3.0,3.58,10.98,78.63,1012.61,5.0
7456,2026-10-10 06:00:00+00:00,2026-10-10 07:00:00+00:00,3.56,5.5,6.57,11.81,80.5,1008.13,9.17
7584,2026-10-10 06:00:00+00:00,2026-10-10 07:00:00+00:00,0.04,0.09,0.15,11.01,81.25,1009.07,0.16
7592,2026-10-10 06:00:00+00:00,2026-10-10 07:00:00+00:00,0.04,0.14,0.15,10.74,58.73,1010.29,0.23
7634,2026-10-10 06:00:00+00:00,2026-10-10 07:00:00+00:00,0.7,1.38,1.67,13.81,82.75,1012.78,2.31
7683,2026-10-10 06:00:00+00:00,2026-10-10 07:00:00+00:00,4.95,7.55,9.21,10.25,82.71,1010.92,12.59
7758,2026-10-10 06:00:00+00:00,2026-10-10 07:00:00+00:00,,,2.1,,,,2.1
7768,2026-10-10 06:00:00+00:00,2026-10-10 07:00:00+00:00,1.04,1.72,1.98,,,1010.13,2.88
7844,2026-10-10 06:00:00+00:00,2026-10-10 07:00:00+00:00,0.0,0.0,0.0,10.79,75.14,1010.04,0.0
8152,2026-10-10 06:00:00+00:00,2026-10-10 07:00:00+00:00,0.0,0.0,0.0,10.73,58.04,1012.89,0.0
8165,2026-10-10 06:00:00+00:00,2026-10-10 07:00:00+00:00,1.97,2.63,3.16,11.32,82.75,1010.66,4.38
11958,2026-10-10 06:00:00+00:00,2026-10-10 07:00:00+00:00,2.84,3.64,4.29,9.99,82.56,1010.63,6.06
13167,2026-10-10 06:00:00+00:00,2026-10-10 07:00:00+00:00,1.06,1.47,2.15,,,1010.14,2.46
18769,2026-10-10 06:00:00+00:00,2026-10-10 07:00:00+00:00,2.52,4.48,7.02,11.2,80.02,1010.85,7.47
31130,2026-10-10 06:00:00+00:00,2026-10-10 07:00:00+00:00,3.44,4.85,5.68,10.92,82.0,1010.55,8.09
32871,2026-10-10 06:00:00+00:00,2026-10-10 07:00:00+00:00,2.24,3.13,3.72,11.12,57.29,1009.78,5.22
32907,2026-10-10 06:00:00+00:00,2026-10-10 07:00:00+00:00,2.12,2.97,3.94,11.09,80.5,1010.89,4.95
33052,2026-10-10 06:00:00+00:00,2026-10-10 07:00:00+00:00,2.68,3.59,4.12,11.06,82.0,1009.65,5.98
36475,2026-10-10 06:00:00+00:00,2026-10-10 07:00:00+00:00,1.92,2.65,3.27,10.91,82.75,1010.79,4.42
36477,2026-10-10 06:00:00+00:00,2026-10-10 07:00:00+00:00,2.86,3.99,5.09,11.18,82.0,1010.08,6.66
36605,2026-10-10 06:00:00+00:00,2026-10-10 07:00:00+00:00,2.42,3.5,4.22,10.87,82.75,1010.53,5.84
38444,2026-10-10 06:00:00+00:00,2026-10-10 07:00:00+00:00,1.82,2.76,3.5,11.2,80.5,1011.3,4.61
39433,2026-10-10 06:00:00+00:00,2026-10-10 07:00:00+00:00,0.72,1.08,1.37,11.61,80.5,1010.6,1.8
80731,2026-10-10 06:00:00+00:00,2026-10-10 07:00:00+00:00,1.84,2.31,2.88,10.97,58.05,1011.79,3.86
82333,2026-10-10 06:00:00+00:00,2026-10-10 07:00:00+00:00,3.8,5.66,6.7,10.49,60.6,1011.96,9.44
86899,2026-10-10 06:00:00+00:00,2026-10-10 07:00:00+00:00,2.28,2.91,3.49,12.84,71.53,1011.87,4.85
86902,2026-10-10 06:00:00+00:00,2026-10-10 07:00:00+00:00,2.84,4.12,4.99,11.06,82.0,1009.96,6.87
86904,2026-10-10 06:00:00+00:00,2026-10-10 07:00:00+00:00,1.72,2.36,2.98,10.85,58.05,1011.39,3.93
86905,2026-10-10 06:00:00+00:00,2026-10-10 07:00:00+00:00,2.0,2.63,3.12,11.28,58.07,1009.08,4.39
86909,2026-10-10 06:00:00+00:00,2026-10-10 07:00:00+00:00,1.18,1.85,2.18,12.01,77.09,1012.89,3.09
86910,2026-10-10 06:00:00+00:00,2026-10-10 07:00:00+00:00,0.74,1.07,1.33,11.73,69.42,1011.52,1.78
86914,2026-10-10 06:00:00+00:00,2026-10-10 07:00:00+00:00,1.7,2.45,3.03,11.22,80.5,1010.96,4.09
86915,2026-10-10 06:00:00+00:00,2026-10-10 07:00:00+00:00,1.64,2.3,2.75,11.26,58.07,1009.87,3.84
86932,2026-10-10 06:00:00+00:00,2026-10-10 07:00:00+00:00,2.61,3.42,4.09,11.12,82.75,1010.41,5.7
86941,2026-10-10 06:00:00+00:00,2026-10-10 07:00:00+00:00,1.74,2.24,2.62,11.32,58.08,1009.34,3.74
86961,2026-10-10 06:00:00+00:00,2026-10-10 07:00:00+00:00,2.53,3.3,3.86,11.83,81.25,1012.47,5.51
86963,2026-10-10 06:00:00+00:00,2026-10-10 07:00:00+00:00,1.9,3.17,4.19,11.31,80.5,1010.87,5.28
86980,2026-10-10 06:00:00+00:00,2026-10-10 07:00:00+00:00,2.72,3.6,4.37,11.54,80.5,1010.74,6.0
86998,2026-10-10 06:00:00+00:00,2026-10-10 07:00:00+00:00,2.06,3.18,3.72,10.9,75.52,1011.05,5.31
90148,2026-10-10 06:00:00+00:00,2026-10-10 07:00:00+00:00,3.89,5.78,6.49,10.82,82.75,1011.01,9.64
90388,2026-10-10 06:00:00+00:00,2026-10-10 07:00:00+00:00,0.45,0.99,1.6,11.74,75.99,1010.94,1.65
101090,2026-10-10 06:00:00+00:00,2026-10-10 07:00:00+00:00,4.08,6.14,7.83,12.67,82.0,1011.79,10.25
101102,2026-10-10 06:00:00+00:00,2026-10-10 07:00:00+00:00,6.23,11.26,15.21,12.48,82.75,1010.39,18.77
103261,2026-10-10 06:00:00+00:00,2026-10-10 07:00:00+00:00,1.48,2.14,2.47,13.26,76.97,1010.82,3.57
103326,2026-10-10 06:00:00+00:00,2026-10-10 07:00:00+00:00,0.31,0.36,0.41,10.98,81.25,1011.58,0.61
103904,2026-10-10 06:00:00+00:00,2026-10-10 07:00:00+00:00,1.73,2.55,3.15,12.9,78.33,1012.05,4.26
115128,2026-10-10 06:00:00+00:00,2026-10-10 07:00:00+00:00,,,8.3,,,,8.3
116563,2026-10-10 06:00:00+00:00,2026-10-10 07:00:00+00:00,,,14.6,,,,14.6
118567,2026-10-10 06:00:00+00:00,2026-10-10 07:00:00+00:00,2.38,3.06,3.83,11.38,80.5,1009.56,5.1
119037,2026-10-10 06:00:00+00:00,2026-10-10 07:00:00+00:00,0.19,0.56,0.85,11.01,81.25,1009.92,0.94
119284,2026-10-10 06:00:00+00:00,2026-10-10 07:00:00+00:00,,,,,,,
120855,2026-10-10 06:00:00+00:00,2026-10-10 07:00:00+00:00,3.35,4.72,5.69,10.84,73.69,1011.28,7.87
121237,2026-10-10 06:00:00+00:00,2026-10-10 07:00:00+00:00,12.18,12.89,14.77,13.58,77.84,1005.4,21.48
121862,2026-10-10 06:00:00+00:00,2026-10-10 07:00:00+00:00,1.29,1.66,1.91,11.69,81.25,1010.61,2.77
122015,2026-10-10 06:00:00+00:00,2026-10-10 07:00:00+00:00,0.0,0.29,0.32,12.98,75.18,1004.95,0.48
122162,2026-10-10 06:00:00+00:00,2026-10-10 07:00:00+00:00,4.05,5.76,6.92,10.52,76.97,1013.32,9.61
122320,2026-10-10 06:00:00+00:00,2026-10-10 07:00:00+00:00,3.07,4.46,5.31,11.19,55.78,1010.98,7.43
19,2026-10-10 07:00:00+00:00,2026-10-10 08:00:00+00:00,,3.9,9.8,,,,9.8
60,2026-10-10 07:00:00+00:00,2026-10-10 08:00:00+00:00,,,12.4,,,,12.4
246,2026-10-10 07:00:00+00:00,2026-10-10 08:00:00+00:00,1.69,2.06,2.52,,,1012.0,3.44
335,2026-10-10 07:00:00+00:00,2026-10-10 08:00:00+00:00,0.05,0.19,0.43,11.45,55.79,1010.29,0.43
811,2026-10-10 07:00:00+00:00,2026-10-10 08:00:00+00:00,1.88,2.39,2.89,13.24,80.5,1009.63,3.99
2467,2026-10-10 07:00:00+00:00,2026-10-10 08:00:00+00:00,0.97,1.33,1.6,12.57,54.3,1012.12,2.23
5709,2026-10-10 07:00:00+00:00,2026-10-10 08:00:00+00:00,2.38,3.09,3.68,13.03,79.0,1010.01,5.16
6068,2026-10-10 07:00:00+00:00,2026-10-10 08:00:00+00:00,2.0,2.7,3.09,12.83,79.0,1010.64,4.51
7385,2026-10-10 07:00:00+00:00,2026-10-10 08:00:00+00:00,0.02,0.04,0.06,,,1009.18,0.07
7427,2026-10-10 07:00:00+00:00,2026-10-10 08:00:00+00:00,1.42,1.9,2.27,12.11,76.98,1012.53,3.17
7456,2026-10-10 07:00:00+00:00,2026-10-10 08:00:00+00:00,1.45,2.12,2.45,12.95,79.0,1008.09,3.54
7584,2026-10-10 07:00:00+00:00,2026-10-10 08:00:00+00:00,0.04,0.08,0.09,12.14,79.0,1009.02,0.13
7592,2026-10-10 07:00:00+00:00,2026-10-10 08:00:00+00:00,0.02,0.08,0.09,12.35,54.29,1010.21,0.14
7634,2026-10-10 07:00:00+00:00,2026-10-10 08:00:00+00:00,1.26,2.23,2.73,15.1,79.0,1012.76,3.73
7683,2026-10-10 07:00:00+00:00,2026-10-10 08:00:00+00:00,2.26,3.53,4.39,12.21,79.0,1010.76,5.89
7758,2026-10-10 07:00:00+00:00,2026-10-10 08:00:00+00:00,,,1.3,,,,1.3
7768,2026-10-10 07:00:00+00:00,2026-10-10 08:00:00+00:00,0.78,1.36,1.56,,,1010.03,2.27
7844,2026-10-10 07:00:00+00:00,2026-10-10 08:00:00+00:00,0.02,0.14,0.15,11.62,62.5,1010.01,0.24
8152,2026-10-10 07:00:00+00:00,2026-10-10 08:00:00+00:00,0.0,0.0,0.0,12.5,54.29,1012.8,0.0
8165,2026-10-10 07:00:00+00:00,2026-10-10 08:00:00+00:00,1.45,1.9,2.24,12.99,79.0,1010.62,3.17
11958,2026-10-10 07:00:00+00:00,2026-10-10 08:00:00+00:00,2.4,3.11,3.64,11.03,80.31,1010.63,5.18
13167,2026-10-10 07:00:00+00:00,2026-10-10 08:00:00+00:00,0.97,1.35,1.99,,,1010.06,2.25
18769,2026-10-10 07:00:00+00:00,2026-10-10 08:00:00+00:00,2.39,4.24,6.49,13.23,77.29,1010.75,7.07
31130,2026-10-10 07:00:00+00:00,2026-10-10 08:00:00+00:00,2.2,3.16,3.7,13.6,80.5,1010.3,5.28
32871,2026-10-10 07:00:00+00:00,2026-10-10 08:00:00+00:00,1.42,2.05,2.46,12.84,68.23,1009.6,3.43
32907,2026-10-10 07:00:00+00:00,2026-10-10 08:00:00+00:00,1.92,2.73,3.35,12.15,79.0,1010.82,4.56
33052,2026-10-10 07:00:00+00:00,2026-10-10 08:00:00+00:00,1.32,1.72,2.0,11.74,80.5,1009.59,2.87
36475,2026-10-10 07:00:00+00:00,2026-10-10 08:00:00+00:00,1.62,2.47,3.12,12.48,79.0,1010.7,4.12
36477,2026-10-10 07:00:00+00:00,2026-10-10 08:00:00+00:00,2.43,3.49,4.38,12.16,80.5,1010.03,5.82
36605,2026-10-10 07:00:00+00:00,2026-10-10 08:00:00+00:00,1.35,2.07,2.48,13.77,79.0,1010.39,3.45
38444,2026-10-10 07:00:00+00:00,2026-10-10 08:00:00+00:00,2.08,3.21,4.02,12.33,79.0,1011.18,5.36
39433,2026-10-10 07:00:00+00:00,2026-10-10 08:00:00+00:00,0.52,0.85,1.08,12.57,79.0,1010.52,1.42
80731,2026-10-10 07:00:00+00:00,2026-10-10 08:00:00+00:00,1.99,2.49,3.13,12.76,54.31,1011.77,4.15
82333,2026-10-10 07:00:00+00:00,2026-10-10 08:00:00+00:00,0.94,1.71,2.12,12.15,78.99,1011.87,2.85
86899,2026-10-10 07:00:00+00:00,2026-10-10 08:00:00+00:00,2.45,3.08,3.66,14.43,66.76,1011.81,5.14
86902,2026-10-10 07:00:00+00:00,2026-10-10 08:00:00+00:00,1.85,2.56,3.03,12.54,80.5,1009.81,4.27
86904,2026-10-10 07:00:00+00:00,2026-10-10 08:00:00+00:00,1.43,2.06,2.59,14.12,54.41,1011.39,3.43
86905,2026-10-10 07:00:00+00:00,2026-10-10 08:00:00+00:00,1.97,2.62,3.1,13.01,54.33,1009.02,4.38
86909,2026-10-10 07:00:00+00:00,2026-10-10 08:00:00+00:00,0.75,1.24,1.58,13.78,71.2,1012.81,2.08
86910,2026-10-10 07:00:00+00:00,2026-10-10 08:00:00+00:00,0.22,0.43,0.55,14.26,79.0,1011.4,0.72
86914,2026-10-10 07:00:00+00:00,2026-10-10 08:00:00+00:00,1.14,1.69,2.0,12.23,76.99,1010.88,2.83
86915,2026-10-10 07:00:00+00:00,2026-10-10 08:00:00+00:00,1.92,2.6,3.04,12.79,54.31,1009.86,4.34
86932,2026-10-10 07:00:00+00:00,2026-10-10 08:00:00+00:00,1.65,2.17,2.6,12.91,79.0,1010.37,3.62
86941,2026-10-10 07:00:00+00:00,2026-10-10 08:00:00+00:00,1.45,1.93,2.27,13.06,54.33,1009.27,3.23
86961,2026-10-10 07:00:00+00:00,2026-10-10 08:00:00+00:00,2.33,3.02,3.45,15.09,77.64,1012.48,5.04
86963,2026-10-10 07:00:00+00:00,2026-10-10 08:00:00+00:00,2.01,3.4,4.34,12.46,79.0,1010.78,5.67
86980,2026-10-10 07:00:00+00:00,2026-10-10 08:00:00+00:00,1.94,2.65,3.22,13.07,79.0,1010.62,4.42
86998,2026-10-10 07:00:00+00:00,2026-10-10 08:00:00+00:00,1.64,2.56,2.91,12.29,70.04,1010.96,4.27
90148,2026-10-10 07:00:00+00:00,2026-10-10 08:00:00+00:00,2.09,3.17,3.6,13.44,79.0,1010.87,5.29
90388,2026-10-10 07:00:00+00:00,2026-10-10 08:00:00+00:00,0.32,0.73,1.23,13.0,72.65,1010.87,1.23
101090,2026-10-10 07:00:00+00:00,2026-10-10 08:00:00+00:00,2.2,3.52,4.39,13.82,80.5,1011.66,5.88
101102,2026-10-10 07:00:00+00:00,2026-10-10 08:00:00+00:00,5.08,8.98,11.68,14.09,79.0,1010.32,14.97
103261,2026-10-10 07:00:00+00:00,2026-10-10 08:00:00+00:00,1.28,1.96,2.29,14.49,73.99,1010.74,3.28
103326,2026-10-10 07:00:00+00:00,2026-10-10 08:00:00+00:00,0.83,1.12,1.36,12.48,79.0,1011.46,1.86
103904,2026-10-10 07:00:00+00:00,2026-10-10 08:00:00+00:00,1.82,2.7,3.2,14.42,73.23,1012.0,4.5
115128,2026-10-10 07:00:00+00:00,2026-10-10 08:00:00+00:00,,,10.2,,,,10.2
116563,2026-10-10 07:00:00+00:00,2026-10-10 08:00:00+00:00,,,13.3,,,,13.3
118567,2026-10-10 07:00:00+00:00,2026-10-10 08:00:00+00:00,1.78,2.5,3.19,12.8,79.0,1009.47,4.17
119037,2026-10-10 07:00:00+00:00,2026-10-10 08:00:00+00:00,0.18,0.6,0.82,12.27,79.0,1009.89,1.01
119284,2026-10-10 07:00:00+00:00,2026-10-10 08:00:00+00:00,,,,,,,
120855,2026-10-10 07:00:00+00:00,2026-10-10 08:00:00+00:00,1.98,2.8,3.37,11.95,71.35,1011.27,4.67
121237,2026-10-10 07:00:00+00:00,2026-10-10 08:00:00+00:00,1.47,1.95,2.37,15.15,74.26,1005.34,3.26
121862,2026-10-10 07:00:00+00:00,2026-10-10 08:00:00+00:00,1.43,1.82,2.11,13.17,79.0,1010.54,3.04
122015,2026-10-10 07:00:00+00:00,2026-10-10 08:00:00+00:00,0.0,0.32,0.35,14.12,73.06,1004.83,0.53
122162,2026-10-10 07:00:00+00:00,2026-10-10 08:00:00+00:00,1.99,2.89,3.47,12.66,72.92,1013.23,4.82
122320,2026-10-10 07:00:00+00:00,2026-10-10 08:00:00+00:00,2.19,3.27,3.94,12.11,54.27,1010.91,5.45
19,2026-10-10 08:00:00+00:00,2026-10-10 09:00:00+00:00,,2.6,5.9,,,,5.9
60,2026-10-10 08:00:00+00:00,2026-10-10 09:00:00+00:00,,,8.9,,,,8.9
246,2026-10-10 08:00:00+00:00,2026-10-10 09:00:00+00:00,1.33,1.7,2.05,,,1012.24,2.83
335,2026-10-10 08:00:00+00:00,2026-10-10 09:00:00+00:00,0.1,0.26,0.47,13.0,52.78,1010.35,0.48
811,2026-10-10 08:00:00+00:00,2026-10-10 09:00:00+00:00,1.33,1.72,2.12,15.59,76.0,1009.59,2.87
2467,2026-10-10 08:00:00+00:00,2026-10-10 09:00:00+00:00,0.67,0.92,1.07,14.12,51.3,1012.29,1.54
5709,2026-10-10 08:00:00+00:00,2026-10-10 09:00:00+00:00,1.21,1.61,1.87,16.37,76.0,1009.98,2.7
6068,2026-10-10 08:00:00+00:00,2026-10-10 09:00:00+00:00,1.36,1.89,2.22,14.35,76.0,1010.69,3.16
7385,2026-10-10 08:00:00+00:00,2026-10-10 09:00:00+00:00,0.01,0.06,0.11,,,1009.26,0.12
7427,2026-10-10 08:00:00+00:00,2026-10-10 09:00:00+00:00,1.3,1.79,2.15,13.77,73.93,1012.65,2.99
7456,2026-10-10 08:00:00+00:00,2026-10-10 09:00:00+00:00,1.27,1.84,2.13,14.38,76.0,1008.17,3.07
7584,2026-10-10 08:00:00+00:00,2026-10-10 09:00:00+00:00,0.07,0.1,0.17,13.8,76.0,1009.1,0.18
7592,2026-10-10 08:00:00+00:00,2026-10-10 09:00:00+00:00,0.06,0.19,0.2,13.87,51.29,1010.25,0.32
7634,2026-10-10 08:00:00+00:00,2026-10-10 09:00:00+00:00,4.01,7.34,9.51,16.29,76.0,1012.83,12.23
7683,2026-10-10 08:00:00+00:00,2026-10-10 09:00:00+00:00,1.5,2.58,3.15,13.91,76.0,1010.77,4.3
7768,2026-10-10 08:00:00+00:00,2026-10-10 09:00:00+00:00,0.45,0.83,0.99,,,1010.1,1.38
7844,2026-10-10 08:00:00+00:00,2026-10-10 09:00:00+00:00,0.0,0.0,0.0,14.54,63.99,1010.07,0.0
8152,2026-10-10 08:00:00+00:00,2026-10-10 09:00:00+00:00,0.0,0.0,0.0,15.09,62.35,1012.92,0.0
8165,2026-10-10 08:00:00+00:00,2026-10-10 09:00:00+00:00,1.05,1.51,1.77,14.37,76.0,1010.7,2.52
11958,2026-10-10 08:00:00+00:00,2026-10-10 09:00:00+00:00,1.58,2.08,2.53,12.51,77.47,1010.76,3.47
13167,2026-10-10 08:00:00+00:00,2026-10-10 09:00:00+00:00,0.85,1.28,2.05,,,1010.11,2.14
18769,2026-10-10 08:00:00+00:00,2026-10-10 09:00:00+00:00,1.14,2.03,3.25,17.99,51.84,1010.58,3.39
31130,2026-10-10 08:00:00+00:00,2026-10-10 09:00:00+00:00,1.15,1.77,2.06,17.58,76.0,1010.15,2.96
32871,2026-10-10 08:00:00+00:00,2026-10-10 09:00:00+00:00,0.84,1.3,1.52,17.92,76.0,1009.44,2.17
32907,2026-10-10 08:00:00+00:00,2026-10-10 09:00:00+00:00,1.07,1.61,2.1,14.12,76.0,1010.87,2.69
33052,2026-10-10 08:00:00+00:00,2026-10-10 09:00:00+00:00,1.15,1.56,1.83,14.01,76.0,1009.62,2.61
36475,2026-10-10 08:00:00+00:00,2026-10-10 09:00:00+00:00,1.19,1.92,2.39,13.96,76.0,1010.76,3.2
36477,2026-10-10 08:00:00+00:00,2026-10-10 09:00:00+00:00,1.46,2.18,2.85,14.52,76.0,1010.08,3.64
36605,2026-10-10 08:00:00+00:00,2026-10-10 09:00:00+00:00,0.73,1.1,1.43,16.92,76.0,1010.33,1.84
38444,2026-10-10 08:00:00+00:00,2026-10-10 09:00:00+00:00,1.19,2.0,2.54,13.97,76.0,1011.2,3.33
39433,2026-10-10 08:00:00+00:00,2026-10-10 09:00:00+00:00,0.36,0.61,0.82,14.06,76.0,1010.6,1.02
80731,2026-10-10 08:00:00+00:00,2026-10-10 09:00:00+00:00,1.57,1.98,2.43,14.2,51.31,1011.87,3.31
82333,2026-10-10 08:00:00+00:00,2026-10-10 09:00:00+00:00,0.65,1.13,1.4,14.07,76.0,1011.85,1.89
86899,2026-10-10 08:00:00+00:00,2026-10-10 09:00:00+00:00,1.72,2.14,2.55,15.9,62.94,1011.84,3.57
86902,2026-10-10 08:00:00+00:00,2026-10-10 09:00:00+00:00,0.87,1.25,1.56,16.07,76.75,1009.67,2.09
86904,2026-10-10 08:00:00+00:00,2026-10-10 09:00:00+00:00,1.09,1.38,1.68,18.12,51.63,1011.76,2.3
86905,2026-10-10 08:00:00+00:00,2026-10-10 09:00:00+00:00,1.32,1.81,2.15,14.41,51.32,1009.07,3.02
86909,2026-10-10 08:00:00+00:00,2026-10-10 09:00:00+00:00,0.36,0.71,0.89,15.98,51.43,1012.91,1.18
86910,2026-10-10 08:00:00+00:00,2026-10-10 09:00:00+00:00,0.17,0.31,0.41,17.66,76.0,1011.44,0.52
86914,2026-10-10 08:00:00+00:00,2026-10-10 09:00:00+00:00,0.75,1.16,1.36,13.89,70.2,1010.89,1.94
86915,2026-10-10 08:00:00+00:00,2026-10-10 09:00:00+00:00,1.3,1.79,2.11,14.26,51.31,1009.94,2.99
86932,2026-10-10 08:00:00+00:00,2026-10-10 09:00:00+00:00,1.11,1.53,1.84,15.75,76.0,1010.42,2.56
86941,2026-10-10 08:00:00+00:00,2026-10-10 09:00:00+00:00,1.08,1.49,1.76,14.41,58.73,1009.34,2.49
86961,2026-10-10 08:00:00+00:00,2026-10-10 09:00:00+00:00,1.73,2.14,2.47,18.94,68.62,1012.64,3.57
86963,2026-10-10 08:00:00+00:00,2026-10-10 09:00:00+00:00,1.38,2.45,3.13,13.98,75.78,1010.84,4.08
86980,2026-10-10 08:00:00+00:00,2026-10-10 09:00:00+00:00,1.25,1.72,2.08,16.69,76.0,1010.63,2.88
86998,2026-10-10 08:00:00+00:00,2026-10-10 09:00:00+00:00,1.16,1.93,2.19,14.4,61.31,1010.94,3.22
90148,2026-10-10 08:00:00+00:00,2026-10-10 09:00:00+00:00,1.22,1.97,2.26,16.06,76.0,1010.89,3.29
90388,2026-10-10 08:00:00+00:00,2026-10-10 09:00:00+00:00,0.16,0.61,0.89,14.55,67.46,1010.87,1.02
101090,2026-10-10 08:00:00+00:00,2026-10-10 09:00:00+00:00,1.31,2.08,2.69,17.89,76.0,1011.51,3.47
101102,2026-10-10 08:00:00+00:00,2026-10-10 09:00:00+00:00,2.55,4.41,5.88,15.57,76.0,1010.41,7.36
103261,2026-10-10 08:00:00+00:00,2026-10-10 09:00:00+00:00,1.25,1.97,2.31,15.88,69.3,1010.79,3.3
103326,2026-10-10 08:00:00+00:00,2026-10-10 09:00:00+00:00,0.62,0.87,1.05,14.42,76.0,1011.41,1.46
103904,2026-10-10 08:00:00+00:00,2026-10-10 09:00:00+00:00,1.16,1.83,2.27,15.63,68.47,1012.05,3.05
115128,2026-10-10 08:00:00+00:00,2026-10-10 09:00:00+00:00,,,6.0,,,,6.0
116563,2026-10-10 08:00:00+00:00,2026-10-10 09:00:00+00:00,,,10.2,,,,10.2
118567,2026-10-10 08:00:00+00:00,2026-10-10 09:00:00+00:00,0.92,1.34,1.7,15.7,76.0,1009.5,2.24
119037,2026-10-10 08:00:00+00:00,2026-10-10 09:00:00+00:00,0.13,0.44,0.64,13.69,76.0,1009.94,0.74
119284,2026-10-10 08:00:00+00:00,2026-10-10 09:00:00+00:00,,,,,,,
120855,2026-10-10 08:00:00+00:00,2026-10-10 09:00:00+00:00,1.62,2.28,2.8,13.89,67.02,1011.33,3.8
121237,2026-10-10 08:00:00+00:00,2026-10-10 09:00:00+00:00,1.13,1.53,1.89,17.15,67.94,1005.35,2.56
121862,2026-10-10 08:00:00+00:00,2026-10-10 09:00:00+00:00,0.65,0.93,1.12,14.89,76.0,1010.66,1.56
122015,2026-10-10 08:00:00+00:00,2026-10-10 09:00:00+00:00,0.0,0.09,0.1,17.25,66.28,1004.78,0.15
122162,2026-10-10 08:00:00+00:00,2026-10-10 09:00:00+00:00,1.23,1.79,2.17,14.14,68.61,1013.36,2.98
122320,2026-10-10 08:00:00+00:00,2026-10-10 09:00:00+00:00,1.85,2.72,3.2,13.53,51.27,1011.01,4.54
19,2026-10-10 09:00:00+00:00,2026-10-10 10:00:00+00:00,,2.2,5.0,,,,5.0
246,2026-10-10 09:00:00+00:00,2026-10-10 10:00:00+00:00,0.6,0.83,1.07,,,1012.37,1.39
335,2026-10-10 09:00:00+00:00,2026-10-10 10:00:00+00:00,0.06,0.16,0.38,14.83,49.79,1010.0,0.38
811,2026-10-10 09:00:00+00:00,2026-10-10 10:00:00+00:00,0.86,1.11,1.4,17.2,73.0,1009.26,1.86
2467,2026-10-10 09:00:00+00:00,2026-10-10 10:00:00+00:00,0.42,0.66,0.8,15.62,49.05,1012.23,1.1
5709,2026-10-10 09:00:00+00:00,2026-10-10 10:00:00+00:00,0.59,0.88,1.11,17.11,73.0,1009.81,1.47
6068,2026-10-10 09:00:00+00:00,2026-10-10 10:00:00+00:00,0.68,1.03,1.2,15.79,72.56,1010.49,1.73
7385,2026-10-10 09:00:00+00:00,2026-10-10 10:00:00+00:00,0.05,0.1,0.14,,,1009.12,0.17
7427,2026-10-10 09:00:00+00:00,2026-10-10 10:00:00+00:00,1.48,1.97,2.4,15.49,70.88,1012.48,3.29
7584,2026-10-10 09:00:00+00:00,2026-10-10 10:00:00+00:00,0.08,0.12,0.17,15.57,73.0,1008.94,0.2
7592,2026-10-10 09:00:00+00:00,2026-10-10 10:00:00+00:00,0.06,0.18,0.2,15.67,48.3,1010.0,0.3
7634,2026-10-10 09:00:00+00:00,2026-10-10 10:00:00+00:00,1.99,3.74,4.78,17.53,73.0,1012.64,6.23
7683,2026-10-10 09:00:00+00:00,2026-10-10 10:00:00+00:00,1.28,2.16,2.67,15.78,73.0,1010.46,3.6
7768,2026-10-10 09:00:00+00:00,2026-10-10 10:00:00+00:00,0.3,0.65,0.77,,,1009.92,1.09
7844,2026-10-10 09:00:00+00:00,2026-10-10 10:00:00+00:00,0.03,0.12,0.13,16.53,56.08,1009.85,0.2
8152,2026-10-10 09:00:00+00:00,2026-10-10 10:00:00+00:00,0.0,0.0,0.0,17.18,73.0,1012.78,0.0
8165,2026-10-10 09:00:00+00:00,2026-10-10 10:00:00+00:00,0.65,1.04,1.27,15.96,73.0,1010.45,1.73
11958,2026-10-10 09:00:00+00:00,2026-10-10 10:00:00+00:00,0.86,1.2,1.44,14.29,74.73,1010.55,2.01
13167,2026-10-10 09:00:00+00:00,2026-10-10 10:00:00+00:00,0.79,1.09,1.59,,,1010.02,1.83
18769,2026-10-10 09:00:00+00:00,2026-10-10 10:00:00+00:00,0.74,1.4,2.04,18.98,48.54,1010.23,2.33
31130,2026-10-10 09:00:00+00:00,2026-10-10 10:00:00+00:00,0.79,1.27,1.47,17.92,73.0,1009.89,2.12
32871,2026-10-10 09:00:00+00:00,2026-10-10 10:00:00+00:00,0.58,0.95,1.17,18.48,73.0,1009.17,1.59
32907,2026-10-10 09:00:00+00:00,2026-10-10 10:00:00+00:00,0.61,1.08,1.45,15.63,73.0,1010.63,1.8
33052,2026-10-10 09:00:00+00:00,2026-10-10 10:00:00+00:00,1.63,1.96,2.25,15.58,73.0,1009.41,3.28
36475,2026-10-10 09:00:00+00:00,2026-10-10 10:00:00+00:00,0.87,1.49,1.87,15.69,73.0,1010.51,2.49
36477,2026-10-10 09:00:00+00:00,2026-10-10 10:00:00+00:00,0.66,1.12,1.49,16.48,50.58,1009.81,1.87
36605,2026-10-10 09:00:00+00:00,2026-10-10 10:00:00+00:00,0.82,1.25,1.54,17.42,72.16,1010.08,2.08
38444,2026-10-10 09:00:00+00:00,2026-10-10 10:00:00+00:00,0.77,1.43,1.86,15.63,73.0,1010.91,2.39
39433,2026-10-10 09:00:00+00:00,2026-10-10 10:00:00+00:00,0.18,0.37,0.51,15.61,73.75,1010.36,0.63
80731,2026-10-10 09:00:00+00:00,2026-10-10 10:00:00+00:00,0.89,1.22,1.54,17.12,48.39,1011.68,2.04
82333,2026-10-10 09:00:00+00:00,2026-10-10 10:00:00+00:00,0.32,0.62,0.83,15.79,73.0,1011.64,1.04
86899,2026-10-10 09:00:00+00:00,2026-10-10 10:00:00+00:00,1.46,1.85,2.23,17.82,59.16,1011.52,3.08
86902,2026-10-10 09:00:00+00:00,2026-10-10 10:00:00+00:00,0.44,0.64,0.8,18.88,74.5,1009.24,1.07
86904,2026-10-10 09:00:00+00:00,2026-10-10 10:00:00+00:00,0.81,1.22,1.51,18.67,48.52,1011.55,2.03
86905,2026-10-10 09:00:00+00:00,2026-10-10 10:00:00+00:00,0.87,1.28,1.55,16.15,48.33,1008.76,2.15
86909,2026-10-10 09:00:00+00:00,2026-10-10 10:00:00+00:00,0.18,0.38,0.53,16.64,50.6,1012.72,0.64
86910,2026-10-10 09:00:00+00:00,2026-10-10 10:00:00+00:00,0.15,0.25,0.32,19.27,73.0,1011.3,0.42
86914,2026-10-10 09:00:00+00:00,2026-10-10 10:00:00+00:00,0.57,0.93,1.11,15.43,65.92,1010.69,1.56
86915,2026-10-10 09:00:00+00:00,2026-10-10 10:00:00+00:00,1.02,1.49,1.76,15.91,48.31,1009.75,2.49
86932,2026-10-10 09:00:00+00:00,2026-10-10 10:00:00+00:00,0.85,1.17,1.41,17.14,73.0,1010.22,1.96
86941,2026-10-10 09:00:00+00:00,2026-10-10 10:00:00+00:00,0.67,0.95,1.15,16.03,73.0,1009.06,1.58
86961,2026-10-10 09:00:00+00:00,2026-10-10 10:00:00+00:00,1.28,1.66,1.9,18.35,63.69,1012.49,2.77
86963,2026-10-10 09:00:00+00:00,2026-10-10 10:00:00+00:00,1.12,2.03,2.76,15.55,71.86,1010.55,3.38
86980,2026-10-10 09:00:00+00:00,2026-10-10 10:00:00+00:00,0.78,1.13,1.4,16.47,73.75,1010.47,1.88
86998,2026-10-10 09:00:00+00:00,2026-10-10 10:00:00+00:00,0.88,1.47,1.72,16.03,56.29,1010.72,2.45
90148,2026-10-10 09:00:00+00:00,2026-10-10 10:00:00+00:00,0.71,1.26,1.46,18.03,73.0,1010.62,2.1
90388,2026-10-10 09:00:00+00:00,2026-10-10 10:00:00+00:00,0.04,0.23,0.39,16.24,63.01,1010.65,0.4
101090,2026-10-10 09:00:00+00:00,2026-10-10 10:00:00+00:00,1.1,1.83,2.35,18.63,73.0,1011.32,3.06
101102,2026-10-10 09:00:00+00:00,2026-10-10 10:00:00+00:00,1.78,3.07,3.95,17.25,73.0,1010.19,5.12
103261,2026-10-10 09:00:00+00:00,2026-10-10 10:00:00+00:00,0.66,1.1,1.31,17.63,64.97,1010.56,1.83
103326,2026-10-10 09:00:00+00:00,2026-10-10 10:00:00+00:00,1.06,1.28,1.6,16.12,73.0,1011.21,2.14
103904,2026-10-10 09:00:00+00:00,2026-10-10 10:00:00+00:00,0.73,1.19,1.49,17.46,64.08,1011.75,1.98
116563,2026-10-10 09:00:00+00:00,2026-10-10 10:00:00+00:00,,,6.4,,,,6.4
118567,2026-10-10 09:00:00+00:00,2026-10-10 10:00:00+00:00,1.46,2.51,3.71,17.12,73.0,1009.21,4.19
119037,2026-10-10 09:00:00+00:00,2026-10-10 10:00:00+00:00,0.07,0.28,0.35,15.38,73.0,1009.74,0.48
119284,2026-10-10 09:00:00+00:00,2026-10-10 10:00:00+00:00,,,,,,,
120855,2026-10-10 09:00:00+00:00,2026-10-10 10:00:00+00:00,0.99,1.47,1.86,16.71,62.14,1011.13,2.46
121237,2026-10-10 09:00:00+00:00,2026-10-10 10:00:00+00:00,0.81,1.12,1.33,18.55,64.38,1005.14,1.87
121862,2026-10-10 09:00:00+00:00,2026-10-10 10:00:00+00:00,0.24,0.43,0.52,16.32,73.0,1010.58,0.72
122015,2026-10-10 09:00:00+00:00,2026-10-10 10:00:00+00:00,0.0,0.01,0.01,18.58,62.02,1004.58,0.03
122162,2026-10-10 09:00:00+00:00,2026-10-10 10:00:00+00:00,0.92,1.39,1.64,15.26,65.74,1013.13,2.33
122320,2026-10-10 09:00:00+00:00,2026-10-10 10:00:00+00:00,1.28,1.98,2.38,15.18,48.27,1010.85,3.31
246,2026-10-10 10:00:00+00:00,2026-10-10 11:00:00+00:00,0.32,0.49,0.66,,,1012.26,0.83
335,2026-10-10 10:00:00+00:00,2026-10-10 11:00:00+00:00,0.06,0.12,0.27,16.21,47.54,1009.7,0.28
811,2026-10-10 10:00:00+00:00,2026-10-10 11:00:00+00:00,0.62,0.82,1.1,18.41,70.75,1008.84,1.37
2467,2026-10-10 10:00:00+00:00,2026-10-10 11:00:00+00:00,0.24,0.4,0.53,17.05,46.8,1011.89,0.67
5709,2026-10-10 10:00:00+00:00,2026-10-10 11:00:00+00:00,0.75,1.1,1.32,17.64,70.75,1009.63,1.83
6068,2026-10-10 10:00:00+00:00,2026-10-10 11:00:00+00:00,0.25,0.52,0.66,17.11,70.14,1010.19,0.88
7385,2026-10-10 10:00:00+00:00,2026-10-10 11:00:00+00:00,0.03,0.07,0.14,,,1008.67,0.14
7427,2026-10-10 10:00:00+00:00,2026-10-10 11:00:00+00:00,0.99,1.41,1.78,16.74,67.96,1012.32,2.35
7456,2026-10-10 10:00:00+00:00,2026-10-10 11:00:00+00:00,20.61,34.07,39.8,16.84,71.5,1007.71,54.07
7584,2026-10-10 10:00:00+00:00,2026-10-10 11:00:00+00:00,0.08,0.11,0.12,16.97,70.75,1008.51,0.19
7592,2026-10-10 10:00:00+00:00,2026-10-10 11:00:00+00:00,0.03,0.13,0.14,17.08,46.05,1009.69,0.22
7634,2026-10-10 10:00:00+00:00,2026-10-10 11:00:00+00:00,0.93,1.85,2.41,18.66,70.75,1012.34,3.09
7683,2026-10-10 10:00:00+00:00,2026-10-10 11:00:00+00:00,0.96,1.73,2.14,17.1,70.75,1010.17,2.89
7768,2026-10-10 10:00:00+00:00,2026-10-10 11:00:00+00:00,0.21,0.6,0.68,,,1009.49,1.01
7844,2026-10-10 10:00:00+00:00,2026-10-10 11:00:00+00:00,0.0,0.02,0.02,17.11,46.05,1009.49,0.04
8152,2026-10-10 10:00:00+00:00,2026-10-10 11:00:00+00:00,0.0,0.0,0.0,18.38,70.75,1012.61,0.0
8165,2026-10-10 10:00:00+00:00,2026-10-10 11:00:00+00:00,0.23,0.42,0.57,17.28,70.75,1010.09,0.71
11958,2026-10-10 10:00:00+00:00,2026-10-10 11:00:00+00:00,2.85,3.78,4.48,15.7,70.19,1010.31,6.3
13167,2026-10-10 10:00:00+00:00,2026-10-10 11:00:00+00:00,0.3,0.55,0.99,,,1009.52,0.99
18769,2026-10-10 10:00:00+00:00,2026-10-10 11:00:00+00:00,7.79,9.57,11.32,18.52,46.14,1009.98,15.95
31130,2026-10-10 10:00:00+00:00,2026-10-10 11:00:00+00:00,0.68,1.19,1.4,17.54,70.75,1009.69,1.98
32871,2026-10-10 10:00:00+00:00,2026-10-10 11:00:00+00:00,0.85,1.34,1.61,19.33,70.75,1008.96,2.24
32907,2026-10-10 10:00:00+00:00,2026-10-10 11:00:00+00:00,0.28,0.59,0.85,16.83,71.5,1010.25,0.98
33052,2026-10-10 10:00:00+00:00,2026-10-10 11:00:00+00:00,0.55,0.83,0.99,16.88,70.75,1009.09,1.38
36475,2026-10-10 10:00:00+00:00,2026-10-10 11:00:00+00:00,0.54,1.02,1.36,16.95,70.75,1010.23,1.71
36477,2026-10-10 10:00:00+00:00,2026-10-10 11:00:00+00:00,0.47,0.91,1.2,17.52,46.08,1009.47,1.52
36605,2026-10-10 10:00:00+00:00,2026-10-10 11:00:00+00:00,0.55,0.9,1.11,17.59,67.92,1009.83,1.5
38444,2026-10-10 10:00:00+00:00,2026-10-10 11:00:00+00:00,0.34,0.71,0.97,16.94,71.5,1010.47,1.19
39433,2026-10-10 10:00:00+00:00,2026-10-10 11:00:00+00:00,0.05,0.19,0.25,16.98,71.5,1009.92,0.32
80731,2026-10-10 10:00:00+00:00,2026-10-10 11:00:00+00:00,0.36,0.62,0.79,18.27,46.13,1011.34,1.04
82333,2026-10-10 10:00:00+00:00,2026-10-10 11:00:00+00:00,0.19,0.42,0.64,16.9,71.5,1011.36,0.71
86899,2026-10-10 10:00:00+00:00,2026-10-10 11:00:00+00:00,0.86,1.15,1.41,19.01,56.01,1011.22,1.92
86902,2026-10-10 10:00:00+00:00,2026-10-10 11:00:00+00:00,0.24,0.42,0.53,20.53,72.25,1008.75,0.71
86904,2026-10-10 10:00:00+00:00,2026-10-10 11:00:00+00:00,0.12,0.44,0.65,18.08,46.11,1011.05,0.74
86905,2026-10-10 10:00:00+00:00,2026-10-10 11:00:00+00:00,0.45,0.77,0.94,17.4,46.07,1008.44,1.29
86909,2026-10-10 10:00:00+00:00,2026-10-10 11:00:00+00:00,0.07,0.21,0.31,17.75,46.84,1012.37,0.36
86910,2026-10-10 10:00:00+00:00,2026-10-10 11:00:00+00:00,0.04,0.12,0.16,19.23,70.75,1010.91,0.2
86914,2026-10-10 10:00:00+00:00,2026-10-10 11:00:00+00:00,0.32,0.55,0.68,16.84,62.28,1010.22,0.93
86915,2026-10-10 10:00:00+00:00,2026-10-10 11:00:00+00:00,0.5,0.82,1.0,17.13,46.05,1009.36,1.36
86932,2026-10-10 10:00:00+00:00,2026-10-10 11:00:00+00:00,1.29,1.81,2.15,17.71,70.75,1009.9,3.02
86941,2026-10-10 10:00:00+00:00,2026-10-10 11:00:00+00:00,0.17,0.35,0.45,17.57,48.44,1008.62,0.59
86961,2026-10-10 10:00:00+00:00,2026-10-10 11:00:00+00:00,1.44,1.97,2.3,18.1,60.78,1012.06,3.3
86963,2026-10-10 10:00:00+00:00,2026-10-10 11:00:00+00:00,0.81,1.47,1.91,17.0,69.56,1010.21,2.46
86980,2026-10-10 10:00:00+00:00,2026-10-10 11:00:00+00:00,0.24,0.42,0.57,18.02,71.5,1010.03,0.71
86998,2026-10-10 10:00:00+00:00,2026-10-10 11:00:00+00:00,0.87,1.53,1.75,17.08,54.07,1010.45,2.55
90148,2026-10-10 10:00:00+00:00,2026-10-10 11:00:00+00:00,1.29,2.34,2.73,17.93,70.75,1010.42,3.9
90388,2026-10-10 10:00:00+00:00,2026-10-10 11:00:00+00:00,0.0,0.11,0.25,17.53,59.5,1010.22,0.26
101090,2026-10-10 10:00:00+00:00,2026-10-10 11:00:00+00:00,1.06,1.78,2.17,19.29,70.75,1011.1,2.97
101102,2026-10-10 10:00:00+00:00,2026-10-10 11:00:00+00:00,1.41,2.21,2.71,18.56,70.75,1009.94,3.69
103261,2026-10-10 10:00:00+00:00,2026-10-10 11:00:00+00:00,0.49,0.93,1.14,18.88,61.52,1010.12,1.55
103326,2026-10-10 10:00:00+00:00,2026-10-10 11:00:00+00:00,0.39,0.54,0.65,17.18,70.75,1010.75,0.9
103904,2026-10-10 10:00:00+00:00,2026-10-10 11:00:00+00:00,0.29,0.55,0.8,19.02,60.32,1011.34,0.92
118567,2026-10-10 10:00:00+00:00,2026-10-10 11:00:00+00:00,0.43,0.72,0.91,17.64,71.5,1008.84,1.2
119037,2026-10-10 10:00:00+00:00,2026-10-10 11:00:00+00:00,0.06,0.27,0.48,16.69,70.69,1009.29,0.49
120855,2026-10-10 10:00:00+00:00,2026-10-10 11:00:00+00:00,0.7,1.05,1.32,17.98,58.68,1010.93,1.76
121237,2026-10-10 10:00:00+00:00,2026-10-10 11:00:00+00:00,0.37,0.53,0.73,19.55,60.98,1004.74,0.88
121862,2026-10-10 10:00:00+00:00,2026-10-10 11:00:00+00:00,0.1,0.2,0.25,17.81,70.09,1010.22,0.34
122015,2026-10-10 10:00:00+00:00,2026-10-10 11:00:00+00:00,0.01,0.22,0.24,19.58,59.04,1004.35,0.37
122162,2026-10-10 10:00:00+00:00,2026-10-10 11:00:00+00:00,0.95,1.49,1.83,16.27,62.55,1012.92,2.49
122320,2026-10-10 10:00:00+00:00,2026-10-10 11:00:00+00:00,0.76,1.28,1.54,16.5,46.77,1010.59,2.14
103904,2026-10-10 10:19:35.251000+00:00,2026-10-10 11:19:35.251000+00:00,0.37,0.66,0.92,19.18,59.94,1011.25,1.1
335,2026-10-10 10:19:35.360000+00:00,2026-10-10 11:19:35.360000+00:00,0.06,0.13,0.27,16.5,47.55,1009.53,0.28
101090,2026-10-10 10:19:35.471000+00:00,2026-10-10 11:19:35.471000+00:00,1.01,1.66,2.03,19.54,70.56,1011.05,2.77
2467,2026-10-10 10:19:35.583000+00:00,2026-10-10 11:19:35.583000+00:00,0.32,0.56,0.74,17.34,46.3,1011.84,0.94
103326,2026-10-10 10:19:35.692000+00:00,2026-10-10 11:19:35.692000+00:00,0.24,0.29,0.33,17.28,70.5,1010.69,0.49
811,2026-10-10 10:19:35.804000+00:00,2026-10-10 11:19:35.804000+00:00,0.69,0.93,1.24,18.63,70.5,1008.76,1.55
86902,2026-10-10 10:19:35.915000+00:00,2026-10-10 11:19:35.915000+00:00,0.22,0.39,0.48,20.11,71.5,1008.63,0.65
36605,2026-10-10 10:19:36.025000+00:00,2026-10-10 11:19:36.025000+00:00,0.5,0.83,1.02,17.8,67.64,1009.71,1.39
32907,2026-10-10 10:19:36.573000+00:00,2026-10-10 11:19:36.573000+00:00,0.28,0.59,0.84,17.11,71.0,1010.14,0.99
36477,2026-10-10 10:19:36.683000+00:00,2026-10-10 11:19:36.683000+00:00,0.54,0.98,1.28,17.75,45.82,1009.38,1.63
86915,2026-10-10 10:19:36.794000+00:00,2026-10-10 11:19:36.794000+00:00,0.56,0.94,1.16,17.3,45.8,1009.29,1.57
101102,2026-10-10 10:19:36.904000+00:00,2026-10-10 11:19:36.904000+00:00,1.36,2.13,2.69,18.82,70.5,1009.86,3.55
6068,2026-10-10 10:19:37.128000+00:00,2026-10-10 11:19:37.128000+00:00,0.17,0.41,0.51,17.38,69.55,1010.08,0.69
86998,2026-10-10 10:19:37.349000+00:00,2026-10-10 11:19:37.349000+00:00,0.77,1.39,1.58,17.31,53.48,1010.34,2.32
86899,2026-10-10 10:19:37.461000+00:00,2026-10-10 11:19:37.461000+00:00,0.84,1.14,1.38,19.26,55.57,1011.13,1.9
11958,2026-10-10 10:19:37.570000+00:00,2026-10-10 11:19:37.570000+00:00,3.69,4.85,5.74,16.27,69.67,1010.18,8.08
121862,2026-10-10 10:19:37.683000+00:00,2026-10-10 11:19:37.683000+00:00,0.13,0.22,0.29,18.0,69.06,1010.16,0.38
7844,2026-10-10 10:19:37.791000+00:00,2026-10-10 11:19:37.791000+00:00,0.01,0.06,0.06,17.28,45.8,1009.42,0.1
86980,2026-10-10 10:19:38.016000+00:00,2026-10-10 11:19:38.016000+00:00,0.3,0.54,0.71,18.16,71.0,1009.97,0.91
86932,2026-10-10 10:19:38.126000+00:00,2026-10-10 11:19:38.126000+00:00,2.06,2.74,3.25,17.93,70.5,1009.78,4.57
18769,2026-10-10 10:19:38.345000+00:00,2026-10-10 11:19:38.345000+00:00,12.36,14.94,17.83,18.65,45.88,1009.91,24.91
13167,2026-10-10 10:19:38.464000+00:00,2026-10-10 11:19:38.464000+00:00,0.19,0.37,0.65,,,1009.44,0.66
38444,2026-10-10 10:19:38.576000+00:00,2026-10-10 11:19:38.576000+00:00,0.41,0.82,1.05,17.21,71.0,1010.36,1.38
7592,2026-10-10 10:19:38.685000+00:00,2026-10-10 11:19:38.685000+00:00,0.04,0.18,0.19,17.4,45.8,1009.6,0.3
33052,2026-10-10 10:19:38.907000+00:00,2026-10-10 11:19:38.907000+00:00,0.61,0.9,1.07,17.21,70.5,1009.03,1.5
7427,2026-10-10 10:19:39.016000+00:00,2026-10-10 11:19:39.016000+00:00,1.51,2.05,2.57,17.01,67.5,1012.27,3.42
8165,2026-10-10 10:19:39.129000+00:00,2026-10-10 11:19:39.129000+00:00,0.28,0.51,0.65,17.46,70.56,1010.03,0.86
7385,2026-10-10 10:19:39.346000+00:00,2026-10-10 11:19:39.346000+00:00,0.03,0.08,0.19,,,1008.6,0.2
122320,2026-10-10 10:19:39.457000+00:00,2026-10-10 11:19:39.457000+00:00,0.65,1.16,1.4,16.77,46.27,1010.49,1.94
90388,2026-10-10 10:19:39.566000+00:00,2026-10-10 11:19:39.566000+00:00,0.01,0.13,0.27,17.74,59.01,1010.15,0.27
86914,2026-10-10 10:19:39.675000+00:00,2026-10-10 11:19:39.675000+00:00,0.32,0.57,0.73,17.06,61.48,1010.13,0.96
119037,2026-10-10 10:19:39.784000+00:00,2026-10-10 11:19:39.784000+00:00,0.09,0.31,0.53,16.85,69.67,1009.23,0.53
118567,2026-10-10 10:19:39.894000+00:00,2026-10-10 11:19:39.894000+00:00,0.44,0.69,0.91,17.68,71.0,1008.76,1.16
86941,2026-10-10 10:19:40.013000+00:00,2026-10-10 11:19:40.013000+00:00,0.17,0.42,0.52,17.83,45.83,1008.53,0.7
7456,2026-10-10 10:19:40.232000+00:00,2026-10-10 11:19:40.232000+00:00,12.53,20.74,24.24,17.31,70.9,1007.58,34.57
246,2026-10-10 10:19:40.452000+00:00,2026-10-10 11:19:40.452000+00:00,0.35,0.54,0.7,,,1012.16,0.9
36475,2026-10-10 10:19:40.564000+00:00,2026-10-10 11:19:40.564000+00:00,0.49,0.9,1.24,17.21,70.5,1010.14,1.51
8152,2026-10-10 10:19:40.677000+00:00,2026-10-10 11:19:40.677000+00:00,0.0,0.0,0.0,18.85,70.5,1012.55,0.0
32871,2026-10-10 10:19:40.789000+00:00,2026-10-10 11:19:40.789000+00:00,0.69,1.1,1.33,19.85,70.5,1008.86,1.85
90148,2026-10-10 10:19:40.898000+00:00,2026-10-10 11:19:40.898000+00:00,1.81,3.1,3.65,18.22,70.5,1010.35,5.17
86904,2026-10-10 10:19:41.010000+00:00,2026-10-10 11:19:41.010000+00:00,0.16,0.48,0.68,17.94,45.84,1010.95,0.8
103261,2026-10-10 10:19:41.124000+00:00,2026-10-10 11:19:41.124000+00:00,0.42,0.81,0.95,19.03,60.97,1010.06,1.35
86905,2026-10-10 10:19:41.236000+00:00,2026-10-10 11:19:41.236000+00:00,0.38,0.71,0.88,17.68,45.82,1008.31,1.19
5709,2026-10-10 10:19:41.349000+00:00,2026-10-10 11:19:41.349000+00:00,0.71,1.03,1.23,17.83,70.5,1009.54,1.72
39433,2026-10-10 10:19:41.683000+00:00,2026-10-10 11:19:41.683000+00:00,0.08,0.2,0.28,17.14,71.13,1009.88,0.33
122015,2026-10-10 10:19:41.909000+00:00,2026-10-10 11:19:41.909000+00:00,0.01,0.15,0.17,19.88,58.6,1004.27,0.25
31130,2026-10-10 10:19:42.017000+00:00,2026-10-10 11:19:42.017000+00:00,0.84,1.4,1.6,17.73,70.5,1009.62,2.34
86909,2026-10-10 10:19:42.129000+00:00,2026-10-10 11:19:42.129000+00:00,0.13,0.29,0.4,18.0,46.34,1012.26,0.49
86963,2026-10-10 10:19:42.239000+00:00,2026-10-10 11:19:42.239000+00:00,0.83,1.53,2.0,17.22,69.19,1010.12,2.55
82333,2026-10-10 10:19:42.351000+00:00,2026-10-10 11:19:42.351000+00:00,0.22,0.46,0.64,17.12,71.0,1011.25,0.77
120855,2026-10-10 10:19:42.572000+00:00,2026-10-10 11:19:42.572000+00:00,0.69,1.06,1.32,18.29,58.87,1010.82,1.77
80731,2026-10-10 10:19:42.680000+00:00,2026-10-10 11:19:42.680000+00:00,0.37,0.65,0.86,18.41,45.87,1011.25,1.09
86961,2026-10-10 10:19:42.790000+00:00,2026-10-10 11:19:42.790000+00:00,2.18,2.86,3.33,18.2,60.4,1012.0,4.78
7584,2026-10-10 10:19:42.903000+00:00,2026-10-10 11:19:42.903000+00:00,0.04,0.07,0.08,17.18,70.5,1008.44,0.12
122162,2026-10-10 10:19:43.235000+00:00,2026-10-10 11:19:43.235000+00:00,0.97,1.51,1.84,16.56,62.25,1012.86,2.52
7634,2026-10-10 10:19:43.456000+00:00,2026-10-10 11:19:43.456000+00:00,0.72,1.5,2.05,18.86,70.5,1012.2,2.51
86910,2026-10-10 10:19:43.565000+00:00,2026-10-10 11:19:43.565000+00:00,0.06,0.16,0.21,18.86,70.5,1010.86,0.27
121237,2026-10-10 10:19:43.682000+00:00,2026-10-10 11:19:43.682000+00:00,0.34,0.53,0.75,19.53,60.62,1004.7,0.89
7683,2026-10-10 10:19:43.902000+00:00,2026-10-10 11:19:43.902000+00:00,0.84,1.5,1.83,17.41,70.5,1010.07,2.51
7768,2026-10-10 10:19:44.013000+00:00,2026-10-10 11:19:44.013000+00:00,0.27,0.67,0.76,,,1009.41,1.12
